-- MySQL dump 10.13  Distrib 5.7.25, for Win64 (x86_64)
--
-- Host: localhost    Database: bus
-- ------------------------------------------------------
-- Server version	5.7.25

/*!40101 SET @OLD_CHARACTER_SET_CLIENT=@@CHARACTER_SET_CLIENT */;
/*!40101 SET @OLD_CHARACTER_SET_RESULTS=@@CHARACTER_SET_RESULTS */;
/*!40101 SET @OLD_COLLATION_CONNECTION=@@COLLATION_CONNECTION */;
/*!40101 SET NAMES utf8 */;
/*!40103 SET @OLD_TIME_ZONE=@@TIME_ZONE */;
/*!40103 SET TIME_ZONE='+00:00' */;
/*!40014 SET @OLD_UNIQUE_CHECKS=@@UNIQUE_CHECKS, UNIQUE_CHECKS=0 */;
/*!40014 SET @OLD_FOREIGN_KEY_CHECKS=@@FOREIGN_KEY_CHECKS, FOREIGN_KEY_CHECKS=0 */;
/*!40101 SET @OLD_SQL_MODE=@@SQL_MODE, SQL_MODE='NO_AUTO_VALUE_ON_ZERO' */;
/*!40111 SET @OLD_SQL_NOTES=@@SQL_NOTES, SQL_NOTES=0 */;

--
-- Table structure for table `auth_group`
--

DROP TABLE IF EXISTS `auth_group`;
/*!40101 SET @saved_cs_client     = @@character_set_client */;
/*!40101 SET character_set_client = utf8 */;
CREATE TABLE `auth_group` (
  `id` int(11) NOT NULL AUTO_INCREMENT,
  `name` varchar(80) NOT NULL,
  PRIMARY KEY (`id`),
  UNIQUE KEY `name` (`name`)
) ENGINE=InnoDB DEFAULT CHARSET=utf8;
/*!40101 SET character_set_client = @saved_cs_client */;

--
-- Dumping data for table `auth_group`
--

LOCK TABLES `auth_group` WRITE;
/*!40000 ALTER TABLE `auth_group` DISABLE KEYS */;
/*!40000 ALTER TABLE `auth_group` ENABLE KEYS */;
UNLOCK TABLES;

--
-- Table structure for table `auth_group_permissions`
--

DROP TABLE IF EXISTS `auth_group_permissions`;
/*!40101 SET @saved_cs_client     = @@character_set_client */;
/*!40101 SET character_set_client = utf8 */;
CREATE TABLE `auth_group_permissions` (
  `id` int(11) NOT NULL AUTO_INCREMENT,
  `group_id` int(11) NOT NULL,
  `permission_id` int(11) NOT NULL,
  PRIMARY KEY (`id`),
  UNIQUE KEY `auth_group_permissions_group_id_permission_id_0cd325b0_uniq` (`group_id`,`permission_id`),
  KEY `auth_group_permissio_permission_id_84c5c92e_fk_auth_perm` (`permission_id`),
  CONSTRAINT `auth_group_permissio_permission_id_84c5c92e_fk_auth_perm` FOREIGN KEY (`permission_id`) REFERENCES `auth_permission` (`id`),
  CONSTRAINT `auth_group_permissions_group_id_b120cbf9_fk_auth_group_id` FOREIGN KEY (`group_id`) REFERENCES `auth_group` (`id`)
) ENGINE=InnoDB DEFAULT CHARSET=utf8;
/*!40101 SET character_set_client = @saved_cs_client */;

--
-- Dumping data for table `auth_group_permissions`
--

LOCK TABLES `auth_group_permissions` WRITE;
/*!40000 ALTER TABLE `auth_group_permissions` DISABLE KEYS */;
/*!40000 ALTER TABLE `auth_group_permissions` ENABLE KEYS */;
UNLOCK TABLES;

--
-- Table structure for table `auth_permission`
--

DROP TABLE IF EXISTS `auth_permission`;
/*!40101 SET @saved_cs_client     = @@character_set_client */;
/*!40101 SET character_set_client = utf8 */;
CREATE TABLE `auth_permission` (
  `id` int(11) NOT NULL AUTO_INCREMENT,
  `name` varchar(255) NOT NULL,
  `content_type_id` int(11) NOT NULL,
  `codename` varchar(100) NOT NULL,
  PRIMARY KEY (`id`),
  UNIQUE KEY `auth_permission_content_type_id_codename_01ab375a_uniq` (`content_type_id`,`codename`),
  CONSTRAINT `auth_permission_content_type_id_2f476e4b_fk_django_co` FOREIGN KEY (`content_type_id`) REFERENCES `django_content_type` (`id`)
) ENGINE=InnoDB AUTO_INCREMENT=61 DEFAULT CHARSET=utf8;
/*!40101 SET character_set_client = @saved_cs_client */;

--
-- Dumping data for table `auth_permission`
--

LOCK TABLES `auth_permission` WRITE;
/*!40000 ALTER TABLE `auth_permission` DISABLE KEYS */;
INSERT INTO `auth_permission` VALUES (1,'Can add log entry',1,'add_logentry'),(2,'Can change log entry',1,'change_logentry'),(3,'Can delete log entry',1,'delete_logentry'),(4,'Can view log entry',1,'view_logentry'),(5,'Can add permission',2,'add_permission'),(6,'Can change permission',2,'change_permission'),(7,'Can delete permission',2,'delete_permission'),(8,'Can view permission',2,'view_permission'),(9,'Can add group',3,'add_group'),(10,'Can change group',3,'change_group'),(11,'Can delete group',3,'delete_group'),(12,'Can view group',3,'view_group'),(13,'Can add user',4,'add_user'),(14,'Can change user',4,'change_user'),(15,'Can delete user',4,'delete_user'),(16,'Can view user',4,'view_user'),(17,'Can add content type',5,'add_contenttype'),(18,'Can change content type',5,'change_contenttype'),(19,'Can delete content type',5,'delete_contenttype'),(20,'Can view content type',5,'view_contenttype'),(21,'Can add session',6,'add_session'),(22,'Can change session',6,'change_session'),(23,'Can delete session',6,'delete_session'),(24,'Can view session',6,'view_session'),(25,'Can add 公交',7,'add_bus'),(26,'Can change 公交',7,'change_bus'),(27,'Can delete 公交',7,'delete_bus'),(28,'Can view 公交',7,'view_bus'),(29,'Can add 公交',8,'add_bussite'),(30,'Can change 公交',8,'change_bussite'),(31,'Can delete 公交',8,'delete_bussite'),(32,'Can view 公交',8,'view_bussite'),(33,'Can add 城市',9,'add_city'),(34,'Can change 城市',9,'change_city'),(35,'Can delete 城市',9,'delete_city'),(36,'Can view 城市',9,'view_city'),(37,'Can add 站点',10,'add_site'),(38,'Can change 站点',10,'change_site'),(39,'Can delete 站点',10,'delete_site'),(40,'Can view 站点',10,'view_site'),(41,'Can add 普通用户',11,'add_user'),(42,'Can change 普通用户',11,'change_user'),(43,'Can delete 普通用户',11,'delete_user'),(44,'Can view 普通用户',11,'view_user'),(45,'Can add 公交类型',12,'add_bustype'),(46,'Can change 公交类型',12,'change_bustype'),(47,'Can delete 公交类型',12,'delete_bustype'),(48,'Can view 公交类型',12,'view_bustype'),(49,'Can add 浏览历史',13,'add_history'),(50,'Can change 浏览历史',13,'change_history'),(51,'Can delete 浏览历史',13,'delete_history'),(52,'Can view 浏览历史',13,'view_history'),(53,'Can add 浏览历史',14,'add_bushistory'),(54,'Can change 浏览历史',14,'change_bushistory'),(55,'Can delete 浏览历史',14,'delete_bushistory'),(56,'Can view 浏览历史',14,'view_bushistory'),(57,'Can add 浏览历史',13,'add_sitehistory'),(58,'Can change 浏览历史',13,'change_sitehistory'),(59,'Can delete 浏览历史',13,'delete_sitehistory'),(60,'Can view 浏览历史',13,'view_sitehistory');
/*!40000 ALTER TABLE `auth_permission` ENABLE KEYS */;
UNLOCK TABLES;

--
-- Table structure for table `auth_user`
--

DROP TABLE IF EXISTS `auth_user`;
/*!40101 SET @saved_cs_client     = @@character_set_client */;
/*!40101 SET character_set_client = utf8 */;
CREATE TABLE `auth_user` (
  `id` int(11) NOT NULL AUTO_INCREMENT,
  `password` varchar(128) NOT NULL,
  `last_login` datetime(6) DEFAULT NULL,
  `is_superuser` tinyint(1) NOT NULL,
  `username` varchar(150) NOT NULL,
  `first_name` varchar(30) NOT NULL,
  `last_name` varchar(150) NOT NULL,
  `email` varchar(254) NOT NULL,
  `is_staff` tinyint(1) NOT NULL,
  `is_active` tinyint(1) NOT NULL,
  `date_joined` datetime(6) NOT NULL,
  PRIMARY KEY (`id`),
  UNIQUE KEY `username` (`username`)
) ENGINE=InnoDB AUTO_INCREMENT=2 DEFAULT CHARSET=utf8;
/*!40101 SET character_set_client = @saved_cs_client */;

--
-- Dumping data for table `auth_user`
--

LOCK TABLES `auth_user` WRITE;
/*!40000 ALTER TABLE `auth_user` DISABLE KEYS */;
INSERT INTO `auth_user` VALUES (1,'pbkdf2_sha256$120000$E7auAcUmxQBe$XR9gIWiM1DVt7vVoduwllG6JtAxpB0rFf7PICzHAADI=','2020-04-26 13:11:58.978791',1,'admin','','','admin@qq.com',1,1,'2020-04-26 13:09:06.368919');
/*!40000 ALTER TABLE `auth_user` ENABLE KEYS */;
UNLOCK TABLES;

--
-- Table structure for table `auth_user_groups`
--

DROP TABLE IF EXISTS `auth_user_groups`;
/*!40101 SET @saved_cs_client     = @@character_set_client */;
/*!40101 SET character_set_client = utf8 */;
CREATE TABLE `auth_user_groups` (
  `id` int(11) NOT NULL AUTO_INCREMENT,
  `user_id` int(11) NOT NULL,
  `group_id` int(11) NOT NULL,
  PRIMARY KEY (`id`),
  UNIQUE KEY `auth_user_groups_user_id_group_id_94350c0c_uniq` (`user_id`,`group_id`),
  KEY `auth_user_groups_group_id_97559544_fk_auth_group_id` (`group_id`),
  CONSTRAINT `auth_user_groups_group_id_97559544_fk_auth_group_id` FOREIGN KEY (`group_id`) REFERENCES `auth_group` (`id`),
  CONSTRAINT `auth_user_groups_user_id_6a12ed8b_fk_auth_user_id` FOREIGN KEY (`user_id`) REFERENCES `auth_user` (`id`)
) ENGINE=InnoDB DEFAULT CHARSET=utf8;
/*!40101 SET character_set_client = @saved_cs_client */;

--
-- Dumping data for table `auth_user_groups`
--

LOCK TABLES `auth_user_groups` WRITE;
/*!40000 ALTER TABLE `auth_user_groups` DISABLE KEYS */;
/*!40000 ALTER TABLE `auth_user_groups` ENABLE KEYS */;
UNLOCK TABLES;

--
-- Table structure for table `auth_user_user_permissions`
--

DROP TABLE IF EXISTS `auth_user_user_permissions`;
/*!40101 SET @saved_cs_client     = @@character_set_client */;
/*!40101 SET character_set_client = utf8 */;
CREATE TABLE `auth_user_user_permissions` (
  `id` int(11) NOT NULL AUTO_INCREMENT,
  `user_id` int(11) NOT NULL,
  `permission_id` int(11) NOT NULL,
  PRIMARY KEY (`id`),
  UNIQUE KEY `auth_user_user_permissions_user_id_permission_id_14a6b632_uniq` (`user_id`,`permission_id`),
  KEY `auth_user_user_permi_permission_id_1fbb5f2c_fk_auth_perm` (`permission_id`),
  CONSTRAINT `auth_user_user_permi_permission_id_1fbb5f2c_fk_auth_perm` FOREIGN KEY (`permission_id`) REFERENCES `auth_permission` (`id`),
  CONSTRAINT `auth_user_user_permissions_user_id_a95ead1b_fk_auth_user_id` FOREIGN KEY (`user_id`) REFERENCES `auth_user` (`id`)
) ENGINE=InnoDB DEFAULT CHARSET=utf8;
/*!40101 SET character_set_client = @saved_cs_client */;

--
-- Dumping data for table `auth_user_user_permissions`
--

LOCK TABLES `auth_user_user_permissions` WRITE;
/*!40000 ALTER TABLE `auth_user_user_permissions` DISABLE KEYS */;
/*!40000 ALTER TABLE `auth_user_user_permissions` ENABLE KEYS */;
UNLOCK TABLES;

--
-- Table structure for table `django_admin_log`
--

DROP TABLE IF EXISTS `django_admin_log`;
/*!40101 SET @saved_cs_client     = @@character_set_client */;
/*!40101 SET character_set_client = utf8 */;
CREATE TABLE `django_admin_log` (
  `id` int(11) NOT NULL AUTO_INCREMENT,
  `action_time` datetime(6) NOT NULL,
  `object_id` longtext,
  `object_repr` varchar(200) NOT NULL,
  `action_flag` smallint(5) unsigned NOT NULL,
  `change_message` longtext NOT NULL,
  `content_type_id` int(11) DEFAULT NULL,
  `user_id` int(11) NOT NULL,
  PRIMARY KEY (`id`),
  KEY `django_admin_log_content_type_id_c4bce8eb_fk_django_co` (`content_type_id`),
  KEY `django_admin_log_user_id_c564eba6_fk_auth_user_id` (`user_id`),
  CONSTRAINT `django_admin_log_content_type_id_c4bce8eb_fk_django_co` FOREIGN KEY (`content_type_id`) REFERENCES `django_content_type` (`id`),
  CONSTRAINT `django_admin_log_user_id_c564eba6_fk_auth_user_id` FOREIGN KEY (`user_id`) REFERENCES `auth_user` (`id`)
) ENGINE=InnoDB AUTO_INCREMENT=3 DEFAULT CHARSET=utf8;
/*!40101 SET character_set_client = @saved_cs_client */;

--
-- Dumping data for table `django_admin_log`
--

LOCK TABLES `django_admin_log` WRITE;
/*!40000 ALTER TABLE `django_admin_log` DISABLE KEYS */;
INSERT INTO `django_admin_log` VALUES (1,'2020-04-26 21:22:53.429224','1','北京',1,'[{\"added\": {}}]',9,1),(2,'2020-04-26 21:23:08.357078','1','北京',2,'[{\"changed\": {\"fields\": [\"city_number\"]}}]',9,1);
/*!40000 ALTER TABLE `django_admin_log` ENABLE KEYS */;
UNLOCK TABLES;

--
-- Table structure for table `django_content_type`
--

DROP TABLE IF EXISTS `django_content_type`;
/*!40101 SET @saved_cs_client     = @@character_set_client */;
/*!40101 SET character_set_client = utf8 */;
CREATE TABLE `django_content_type` (
  `id` int(11) NOT NULL AUTO_INCREMENT,
  `app_label` varchar(100) NOT NULL,
  `model` varchar(100) NOT NULL,
  PRIMARY KEY (`id`),
  UNIQUE KEY `django_content_type_app_label_model_76bd3d3b_uniq` (`app_label`,`model`)
) ENGINE=InnoDB AUTO_INCREMENT=15 DEFAULT CHARSET=utf8;
/*!40101 SET character_set_client = @saved_cs_client */;

--
-- Dumping data for table `django_content_type`
--

LOCK TABLES `django_content_type` WRITE;
/*!40000 ALTER TABLE `django_content_type` DISABLE KEYS */;
INSERT INTO `django_content_type` VALUES (1,'admin','logentry'),(3,'auth','group'),(2,'auth','permission'),(4,'auth','user'),(5,'contenttypes','contenttype'),(7,'home','bus'),(14,'home','bushistory'),(8,'home','bussite'),(12,'home','bustype'),(9,'home','city'),(10,'home','site'),(13,'home','sitehistory'),(11,'home','user'),(6,'sessions','session');
/*!40000 ALTER TABLE `django_content_type` ENABLE KEYS */;
UNLOCK TABLES;

--
-- Table structure for table `django_migrations`
--

DROP TABLE IF EXISTS `django_migrations`;
/*!40101 SET @saved_cs_client     = @@character_set_client */;
/*!40101 SET character_set_client = utf8 */;
CREATE TABLE `django_migrations` (
  `id` int(11) NOT NULL AUTO_INCREMENT,
  `app` varchar(255) NOT NULL,
  `name` varchar(255) NOT NULL,
  `applied` datetime(6) NOT NULL,
  PRIMARY KEY (`id`)
) ENGINE=InnoDB AUTO_INCREMENT=29 DEFAULT CHARSET=utf8;
/*!40101 SET character_set_client = @saved_cs_client */;

--
-- Dumping data for table `django_migrations`
--

LOCK TABLES `django_migrations` WRITE;
/*!40000 ALTER TABLE `django_migrations` DISABLE KEYS */;
INSERT INTO `django_migrations` VALUES (1,'contenttypes','0001_initial','2020-04-26 02:33:10.543530'),(2,'auth','0001_initial','2020-04-26 02:33:11.620592'),(3,'admin','0001_initial','2020-04-26 02:33:11.877607'),(4,'admin','0002_logentry_remove_auto_add','2020-04-26 02:33:11.903608'),(5,'admin','0003_logentry_add_action_flag_choices','2020-04-26 02:33:11.929610'),(6,'contenttypes','0002_remove_content_type_name','2020-04-26 02:33:12.100619'),(7,'auth','0002_alter_permission_name_max_length','2020-04-26 02:33:12.194625'),(8,'auth','0003_alter_user_email_max_length','2020-04-26 02:33:12.300631'),(9,'auth','0004_alter_user_username_opts','2020-04-26 02:33:12.324632'),(10,'auth','0005_alter_user_last_login_null','2020-04-26 02:33:12.413637'),(11,'auth','0006_require_contenttypes_0002','2020-04-26 02:33:12.420638'),(12,'auth','0007_alter_validators_add_error_messages','2020-04-26 02:33:12.444639'),(13,'auth','0008_alter_user_username_max_length','2020-04-26 02:33:12.561646'),(14,'auth','0009_alter_user_last_name_max_length','2020-04-26 02:33:12.664652'),(15,'home','0001_initial','2020-04-26 02:33:13.187682'),(16,'sessions','0001_initial','2020-04-26 02:33:13.280687'),(17,'home','0002_user','2020-04-26 03:43:05.614475'),(18,'home','0003_auto_20200426_1620','2020-04-26 08:20:11.253407'),(19,'home','0004_auto_20200426_2012','2020-04-26 12:13:00.573406'),(20,'home','0005_auto_20200426_2037','2020-04-26 12:37:41.558114'),(21,'home','0006_bus_status','2020-04-26 21:21:54.828872'),(22,'home','0007_bus_city','2020-04-26 21:26:05.898232'),(23,'home','0008_auto_20200426_2145','2020-04-26 21:45:45.237687'),(24,'home','0009_auto_20200426_2305','2020-04-26 23:05:12.111336'),(25,'home','0010_user_image','2020-04-27 19:09:40.347479'),(26,'home','0011_history','2020-04-27 21:46:49.717808'),(27,'home','0012_auto_20200427_2149','2020-04-27 21:49:30.147984'),(28,'home','0013_auto_20200427_2221','2020-04-27 22:21:48.972879');
/*!40000 ALTER TABLE `django_migrations` ENABLE KEYS */;
UNLOCK TABLES;

--
-- Table structure for table `django_session`
--

DROP TABLE IF EXISTS `django_session`;
/*!40101 SET @saved_cs_client     = @@character_set_client */;
/*!40101 SET character_set_client = utf8 */;
CREATE TABLE `django_session` (
  `session_key` varchar(40) NOT NULL,
  `session_data` longtext NOT NULL,
  `expire_date` datetime(6) NOT NULL,
  PRIMARY KEY (`session_key`),
  KEY `django_session_expire_date_a5c62663` (`expire_date`)
) ENGINE=InnoDB DEFAULT CHARSET=utf8;
/*!40101 SET character_set_client = @saved_cs_client */;

--
-- Dumping data for table `django_session`
--

LOCK TABLES `django_session` WRITE;
/*!40000 ALTER TABLE `django_session` DISABLE KEYS */;
INSERT INTO `django_session` VALUES ('o952a2o7hlnk6xm7rd7h6iekk6yf0dp0','MDQzYmU3M2ZiN2EwYmYxZjY0NzU3YTliZmVlMzYzYzYzMjNkNjhkMzp7ImNvZGUiOiJ6clgzS0YiLCJlbWFpbCI6IjIxOTM4ODg2NDVAcXEuY29tIiwiX2F1dGhfdXNlcl9pZCI6IjEiLCJfYXV0aF91c2VyX2JhY2tlbmQiOiJkamFuZ28uY29udHJpYi5hdXRoLmJhY2tlbmRzLk1vZGVsQmFja2VuZCIsIl9hdXRoX3VzZXJfaGFzaCI6ImI3ZmE4NWYyYWQ5MWY0MGRhZGE3YWU3MTc2OTRjYjA3NWZhNmZiNDkiLCJwaG90byI6IkM6XFxVc2Vyc1xcQWRtaW5pc3RyYXRvclxcRGVza3RvcFxcXHU1MTZjXHU0ZWE0MlxcSW50ZWxsaWdlbnRCdXNcXHN0YXRpY1xcdXBsb2FkXFx1c2VyXFwhaGFwcHktZmFjZS5wbmciLCJ1c2VybmFtZSI6ImhlbGxvIiwidXNlcl9pZCI6MSwiaW1hZ2UiOiJDOlxcVXNlcnNcXEFkbWluaXN0cmF0b3JcXERlc2t0b3BcXFx1NTE2Y1x1NGVhNDJcXEludGVsbGlnZW50QnVzXFxzdGF0aWNcXHVwbG9hZFxcdXNlclxcIWhhcHB5LWZhY2UucG5nIn0=','2020-05-12 11:08:04.532860');
/*!40000 ALTER TABLE `django_session` ENABLE KEYS */;
UNLOCK TABLES;

--
-- Table structure for table `home_bus`
--

DROP TABLE IF EXISTS `home_bus`;
/*!40101 SET @saved_cs_client     = @@character_set_client */;
/*!40101 SET character_set_client = utf8 */;
CREATE TABLE `home_bus` (
  `id` int(11) NOT NULL AUTO_INCREMENT,
  `bus_name` varchar(30) NOT NULL,
  `start_time` time(6) NOT NULL,
  `end_time` time(6) NOT NULL,
  `money` double NOT NULL,
  `status` tinyint(1) NOT NULL,
  `city_id` int(11) NOT NULL,
  `add_time` datetime(6) NOT NULL,
  `type_id` int(11) NOT NULL,
  PRIMARY KEY (`id`),
  UNIQUE KEY `bus_name` (`bus_name`),
  KEY `home_bus_city_id_1041f0df_fk_home_city_id` (`city_id`),
  KEY `home_bus_type_id_b80f62eb_fk_home_bustype_id` (`type_id`),
  CONSTRAINT `home_bus_city_id_1041f0df_fk_home_city_id` FOREIGN KEY (`city_id`) REFERENCES `home_city` (`id`),
  CONSTRAINT `home_bus_type_id_b80f62eb_fk_home_bustype_id` FOREIGN KEY (`type_id`) REFERENCES `home_bustype` (`id`)
) ENGINE=InnoDB AUTO_INCREMENT=933 DEFAULT CHARSET=utf8;
/*!40101 SET character_set_client = @saved_cs_client */;

--
-- Dumping data for table `home_bus`
--

LOCK TABLES `home_bus` WRITE;
/*!40000 ALTER TABLE `home_bus` DISABLE KEYS */;
INSERT INTO `home_bus` VALUES (1,'快速公交1线','05:30:00.000000','21:30:00.000000',2,1,1,'2020-04-26 22:17:58.448260',3),(2,'快速公交2线','05:30:00.000000','21:30:00.000000',2,1,1,'2020-04-26 22:17:58.457261',3),(3,'快速公交3线','05:30:00.000000','21:30:00.000000',2,1,1,'2020-04-26 22:17:58.465261',3),(4,'快速公交4线','05:30:00.000000','21:30:00.000000',2,1,1,'2020-04-26 22:17:58.474262',3),(5,'1路','05:30:00.000000','22:30:00.000000',2,1,1,'2020-04-27 20:00:10.726807',1),(6,'2路','05:30:00.000000','22:30:00.000000',2,1,1,'2020-04-27 20:00:10.734808',1),(7,'3路','05:30:00.000000','22:30:00.000000',2,1,1,'2020-04-27 20:00:10.742808',1),(8,'4路','05:30:00.000000','22:30:00.000000',2,1,1,'2020-04-27 20:00:10.747808',1),(9,'5路','05:30:00.000000','22:30:00.000000',2,1,1,'2020-04-27 20:00:10.765809',1),(10,'6路','05:30:00.000000','22:30:00.000000',2,1,1,'2020-04-27 20:00:10.774810',1),(11,'7路','05:30:00.000000','22:30:00.000000',2,1,1,'2020-04-27 20:00:10.779810',1),(12,'8路','05:30:00.000000','22:30:00.000000',2,1,1,'2020-04-27 20:00:10.783810',1),(13,'9路','05:30:00.000000','22:30:00.000000',2,1,1,'2020-04-27 20:00:10.788811',1),(14,'10路','05:30:00.000000','22:30:00.000000',2,1,1,'2020-04-27 20:00:10.793811',1),(15,'11路','05:30:00.000000','22:30:00.000000',2,1,1,'2020-04-27 20:00:10.797811',1),(16,'12路','05:30:00.000000','22:30:00.000000',2,1,1,'2020-04-27 20:00:10.802811',1),(17,'13路','05:30:00.000000','22:30:00.000000',2,1,1,'2020-04-27 20:00:10.806812',1),(18,'14路','05:30:00.000000','22:30:00.000000',2,1,1,'2020-04-27 20:00:10.810812',1),(19,'15路','05:30:00.000000','22:30:00.000000',2,1,1,'2020-04-27 20:00:10.816812',1),(20,'16路','05:30:00.000000','22:30:00.000000',2,1,1,'2020-04-27 20:00:10.820812',1),(21,'17路','05:30:00.000000','22:30:00.000000',2,1,1,'2020-04-27 20:00:10.824813',1),(22,'18路','05:30:00.000000','22:30:00.000000',2,1,1,'2020-04-27 20:00:10.827813',1),(23,'19路','05:30:00.000000','22:30:00.000000',2,1,1,'2020-04-27 20:00:10.832813',1),(24,'20路','05:30:00.000000','22:30:00.000000',2,1,1,'2020-04-27 20:00:10.838813',1),(25,'21路','05:30:00.000000','22:30:00.000000',2,1,1,'2020-04-27 20:00:10.843814',1),(26,'22路','05:30:00.000000','22:30:00.000000',2,1,1,'2020-04-27 20:00:10.850814',1),(27,'23路','05:30:00.000000','22:30:00.000000',2,1,1,'2020-04-27 20:00:10.854814',1),(28,'24路','05:30:00.000000','22:30:00.000000',2,1,1,'2020-04-27 20:00:10.857815',1),(29,'25路','05:30:00.000000','22:30:00.000000',2,1,1,'2020-04-27 20:00:10.864815',1),(30,'26路','05:30:00.000000','22:30:00.000000',2,1,1,'2020-04-27 20:00:10.867815',1),(31,'27路','05:30:00.000000','22:30:00.000000',2,1,1,'2020-04-27 20:00:10.871815',1),(32,'28路','05:30:00.000000','22:30:00.000000',2,1,1,'2020-04-27 20:00:10.875816',1),(33,'29路','05:30:00.000000','22:30:00.000000',2,1,1,'2020-04-27 20:00:10.880816',1),(34,'30路','05:30:00.000000','22:30:00.000000',2,1,1,'2020-04-27 20:00:10.885816',1),(35,'31路','05:30:00.000000','22:30:00.000000',2,1,1,'2020-04-27 20:00:10.889816',1),(36,'32路','05:30:00.000000','22:30:00.000000',2,1,1,'2020-04-27 20:00:10.893817',1),(37,'33路','05:30:00.000000','22:30:00.000000',2,1,1,'2020-04-27 20:00:10.896817',1),(38,'34路','05:30:00.000000','22:30:00.000000',2,1,1,'2020-04-27 20:00:10.900817',1),(39,'35路','05:30:00.000000','22:30:00.000000',2,1,1,'2020-04-27 20:00:10.906817',1),(40,'36路','05:30:00.000000','22:30:00.000000',2,1,1,'2020-04-27 20:00:10.909818',1),(41,'37路','05:30:00.000000','22:30:00.000000',2,1,1,'2020-04-27 20:00:10.913818',1),(42,'38路','05:30:00.000000','22:30:00.000000',2,1,1,'2020-04-27 20:00:10.916818',1),(43,'39路','05:30:00.000000','22:30:00.000000',2,1,1,'2020-04-27 20:00:10.921818',1),(44,'40路','05:30:00.000000','22:30:00.000000',2,1,1,'2020-04-27 20:00:10.925818',1),(45,'41路','05:30:00.000000','22:30:00.000000',2,1,1,'2020-04-27 20:00:10.929819',1),(46,'42路','05:30:00.000000','22:30:00.000000',2,1,1,'2020-04-27 20:00:10.934819',1),(47,'43路','05:30:00.000000','22:30:00.000000',2,1,1,'2020-04-27 20:00:10.941819',1),(48,'44路','05:30:00.000000','22:30:00.000000',2,1,1,'2020-04-27 20:00:10.945820',1),(49,'45路','05:30:00.000000','22:30:00.000000',2,1,1,'2020-04-27 20:00:10.948820',1),(50,'46路','05:30:00.000000','22:30:00.000000',2,1,1,'2020-04-27 20:00:10.952820',1),(51,'47路','05:30:00.000000','22:30:00.000000',2,1,1,'2020-04-27 20:00:10.955820',1),(52,'48路','05:30:00.000000','22:30:00.000000',2,1,1,'2020-04-27 20:00:10.959820',1),(53,'49路','05:30:00.000000','22:30:00.000000',2,1,1,'2020-04-27 20:00:10.963821',1),(54,'50路','05:30:00.000000','22:30:00.000000',2,1,1,'2020-04-27 20:00:10.967821',1),(55,'51路','05:30:00.000000','22:30:00.000000',2,1,1,'2020-04-27 20:00:10.971821',1),(56,'52路','05:30:00.000000','22:30:00.000000',2,1,1,'2020-04-27 20:00:10.974821',1),(57,'53路','05:30:00.000000','22:30:00.000000',2,1,1,'2020-04-27 20:00:10.977821',1),(58,'54路','05:30:00.000000','22:30:00.000000',2,1,1,'2020-04-27 20:00:10.981822',1),(59,'55路','05:30:00.000000','22:30:00.000000',2,1,1,'2020-04-27 20:00:10.985822',1),(60,'56路','05:30:00.000000','22:30:00.000000',2,1,1,'2020-04-27 20:00:10.988822',1),(61,'57路','05:30:00.000000','22:30:00.000000',2,1,1,'2020-04-27 20:00:10.992822',1),(62,'58路','05:30:00.000000','22:30:00.000000',2,1,1,'2020-04-27 20:00:10.996823',1),(63,'59路','05:30:00.000000','22:30:00.000000',2,1,1,'2020-04-27 20:00:11.000823',1),(64,'60路','05:30:00.000000','22:30:00.000000',2,1,1,'2020-04-27 20:00:11.004823',1),(65,'61路','05:30:00.000000','22:30:00.000000',2,1,1,'2020-04-27 20:00:11.008823',1),(66,'62路','05:30:00.000000','22:30:00.000000',2,1,1,'2020-04-27 20:00:11.012823',1),(67,'63路','05:30:00.000000','22:30:00.000000',2,1,1,'2020-04-27 20:00:11.016824',1),(68,'64路','05:30:00.000000','22:30:00.000000',2,1,1,'2020-04-27 20:00:11.020824',1),(69,'65路','05:30:00.000000','22:30:00.000000',2,1,1,'2020-04-27 20:00:11.025824',1),(70,'66路','05:30:00.000000','22:30:00.000000',2,1,1,'2020-04-27 20:00:11.030824',1),(71,'67路','05:30:00.000000','22:30:00.000000',2,1,1,'2020-04-27 20:00:11.035825',1),(72,'68路','05:30:00.000000','22:30:00.000000',2,1,1,'2020-04-27 20:00:11.038825',1),(73,'69路','05:30:00.000000','22:30:00.000000',2,1,1,'2020-04-27 20:00:11.042825',1),(74,'70路','05:30:00.000000','22:30:00.000000',2,1,1,'2020-04-27 20:00:11.046825',1),(75,'71路','05:30:00.000000','22:30:00.000000',2,1,1,'2020-04-27 20:00:11.050826',1),(76,'72路','05:30:00.000000','22:30:00.000000',2,1,1,'2020-04-27 20:00:11.053826',1),(77,'73路','05:30:00.000000','22:30:00.000000',2,1,1,'2020-04-27 20:00:11.057826',1),(78,'74路','05:30:00.000000','22:30:00.000000',2,1,1,'2020-04-27 20:00:11.061826',1),(79,'75路','05:30:00.000000','22:30:00.000000',2,1,1,'2020-04-27 20:00:11.065826',1),(80,'76路','05:30:00.000000','22:30:00.000000',2,1,1,'2020-04-27 20:00:11.068827',1),(81,'77路','05:30:00.000000','22:30:00.000000',2,1,1,'2020-04-27 20:00:11.071827',1),(82,'78路','05:30:00.000000','22:30:00.000000',2,1,1,'2020-04-27 20:00:11.074827',1),(83,'79路','05:30:00.000000','22:30:00.000000',2,1,1,'2020-04-27 20:00:11.078827',1),(84,'80路','05:30:00.000000','22:30:00.000000',2,1,1,'2020-04-27 20:00:11.082827',1),(85,'81路','05:30:00.000000','22:30:00.000000',2,1,1,'2020-04-27 20:00:11.085828',1),(86,'82路','05:30:00.000000','22:30:00.000000',2,1,1,'2020-04-27 20:00:11.089828',1),(87,'83路','05:30:00.000000','22:30:00.000000',2,1,1,'2020-04-27 20:00:11.094828',1),(88,'84路','05:30:00.000000','22:30:00.000000',2,1,1,'2020-04-27 20:00:11.097828',1),(89,'85路','05:30:00.000000','22:30:00.000000',2,1,1,'2020-04-27 20:00:11.101829',1),(90,'86路','05:30:00.000000','22:30:00.000000',2,1,1,'2020-04-27 20:00:11.104829',1),(91,'87路','05:30:00.000000','22:30:00.000000',2,1,1,'2020-04-27 20:00:11.108829',1),(92,'88路','05:30:00.000000','22:30:00.000000',2,1,1,'2020-04-27 20:00:11.112829',1),(93,'89路','05:30:00.000000','22:30:00.000000',2,1,1,'2020-04-27 20:00:11.115829',1),(94,'90路','05:30:00.000000','22:30:00.000000',2,1,1,'2020-04-27 20:00:11.118829',1),(95,'91路','05:30:00.000000','22:30:00.000000',2,1,1,'2020-04-27 20:00:11.122830',1),(96,'92路','05:30:00.000000','22:30:00.000000',2,1,1,'2020-04-27 20:00:11.126830',1),(97,'93路','05:30:00.000000','22:30:00.000000',2,1,1,'2020-04-27 20:00:11.131830',1),(98,'94路','05:30:00.000000','22:30:00.000000',2,1,1,'2020-04-27 20:00:11.134830',1),(99,'95路','05:30:00.000000','22:30:00.000000',2,1,1,'2020-04-27 20:00:11.138831',1),(100,'96路','05:30:00.000000','22:30:00.000000',2,1,1,'2020-04-27 20:00:11.143831',1),(101,'97路','05:30:00.000000','22:30:00.000000',2,1,1,'2020-04-27 20:00:11.148831',1),(102,'98路','05:30:00.000000','22:30:00.000000',2,1,1,'2020-04-27 20:00:11.154832',1),(103,'99路','05:30:00.000000','22:30:00.000000',2,1,1,'2020-04-27 20:00:11.161832',1),(104,'100路','05:30:00.000000','22:30:00.000000',2,1,1,'2020-04-27 20:00:11.166832',1),(105,'101路','05:30:00.000000','22:30:00.000000',2,1,1,'2020-04-27 20:00:11.171833',1),(106,'102路','05:30:00.000000','22:30:00.000000',2,1,1,'2020-04-27 20:00:11.176833',1),(107,'103路','05:30:00.000000','22:30:00.000000',2,1,1,'2020-04-27 20:00:11.180833',1),(108,'104路','05:30:00.000000','22:30:00.000000',2,1,1,'2020-04-27 20:00:11.184833',1),(109,'105路','05:30:00.000000','22:30:00.000000',2,1,1,'2020-04-27 20:00:11.187833',1),(110,'106路','05:30:00.000000','22:30:00.000000',2,1,1,'2020-04-27 20:00:11.192834',1),(111,'107路','05:30:00.000000','22:30:00.000000',2,1,1,'2020-04-27 20:00:11.195834',1),(112,'108路','05:30:00.000000','22:30:00.000000',2,1,1,'2020-04-27 20:00:11.199834',1),(113,'109路','05:30:00.000000','22:30:00.000000',2,1,1,'2020-04-27 20:00:11.204834',1),(114,'110路','05:30:00.000000','22:30:00.000000',2,1,1,'2020-04-27 20:00:11.207835',1),(115,'111路','05:30:00.000000','22:30:00.000000',2,1,1,'2020-04-27 20:00:11.210835',1),(116,'112路','05:30:00.000000','22:30:00.000000',2,1,1,'2020-04-27 20:00:11.214835',1),(117,'113路','05:30:00.000000','22:30:00.000000',2,1,1,'2020-04-27 20:00:11.217835',1),(118,'114路','05:30:00.000000','22:30:00.000000',2,1,1,'2020-04-27 20:00:11.221835',1),(119,'115路','05:30:00.000000','22:30:00.000000',2,1,1,'2020-04-27 20:00:11.225836',1),(120,'116路','05:30:00.000000','22:30:00.000000',2,1,1,'2020-04-27 20:00:11.229836',1),(121,'117路','05:30:00.000000','22:30:00.000000',2,1,1,'2020-04-27 20:00:11.233836',1),(122,'118路','05:30:00.000000','22:30:00.000000',2,1,1,'2020-04-27 20:00:11.236836',1),(123,'119路','05:30:00.000000','22:30:00.000000',2,1,1,'2020-04-27 20:00:11.240836',1),(124,'120路','05:30:00.000000','22:30:00.000000',2,1,1,'2020-04-27 20:00:11.243837',1),(125,'121路','05:30:00.000000','22:30:00.000000',2,1,1,'2020-04-27 20:00:11.247837',1),(126,'122路','05:30:00.000000','22:30:00.000000',2,1,1,'2020-04-27 20:00:11.251837',1),(127,'123路','05:30:00.000000','22:30:00.000000',2,1,1,'2020-04-27 20:00:11.255837',1),(128,'124路','05:30:00.000000','22:30:00.000000',2,1,1,'2020-04-27 20:00:11.258837',1),(129,'125路','05:30:00.000000','22:30:00.000000',2,1,1,'2020-04-27 20:00:11.262838',1),(130,'126路','05:30:00.000000','22:30:00.000000',2,1,1,'2020-04-27 20:00:11.266838',1),(131,'127路','05:30:00.000000','22:30:00.000000',2,1,1,'2020-04-27 20:00:11.269838',1),(132,'128路','05:30:00.000000','22:30:00.000000',2,1,1,'2020-04-27 20:00:11.272838',1),(133,'129路','05:30:00.000000','22:30:00.000000',2,1,1,'2020-04-27 20:00:11.276839',1),(134,'130路','05:30:00.000000','22:30:00.000000',2,1,1,'2020-04-27 20:00:11.280839',1),(135,'131路','05:30:00.000000','22:30:00.000000',2,1,1,'2020-04-27 20:00:11.283839',1),(136,'132路','05:30:00.000000','22:30:00.000000',2,1,1,'2020-04-27 20:00:11.286839',1),(137,'133路','05:30:00.000000','22:30:00.000000',2,1,1,'2020-04-27 20:00:11.289839',1),(138,'134路','05:30:00.000000','22:30:00.000000',2,1,1,'2020-04-27 20:00:11.293839',1),(139,'135路','05:30:00.000000','22:30:00.000000',2,1,1,'2020-04-27 20:00:11.297840',1),(140,'136路','05:30:00.000000','22:30:00.000000',2,1,1,'2020-04-27 20:00:11.300840',1),(141,'137路','05:30:00.000000','22:30:00.000000',2,1,1,'2020-04-27 20:00:11.305840',1),(142,'138路','05:30:00.000000','22:30:00.000000',2,1,1,'2020-04-27 20:00:11.309840',1),(143,'139路','05:30:00.000000','22:30:00.000000',2,1,1,'2020-04-27 20:00:11.312841',1),(144,'140路','05:30:00.000000','22:30:00.000000',2,1,1,'2020-04-27 20:00:11.316841',1),(145,'141路','05:30:00.000000','22:30:00.000000',2,1,1,'2020-04-27 20:00:11.320841',1),(146,'142路','05:30:00.000000','22:30:00.000000',2,1,1,'2020-04-27 20:00:11.325841',1),(147,'143路','05:30:00.000000','22:30:00.000000',2,1,1,'2020-04-27 20:00:11.328841',1),(148,'144路','05:30:00.000000','22:30:00.000000',2,1,1,'2020-04-27 20:00:11.332842',1),(149,'145路','05:30:00.000000','22:30:00.000000',2,1,1,'2020-04-27 20:00:11.336842',1),(150,'146路','05:30:00.000000','22:30:00.000000',2,1,1,'2020-04-27 20:00:11.340842',1),(151,'147路','05:30:00.000000','22:30:00.000000',2,1,1,'2020-04-27 20:00:11.344842',1),(152,'148路','05:30:00.000000','22:30:00.000000',2,1,1,'2020-04-27 20:00:11.348843',1),(153,'149路','05:30:00.000000','22:30:00.000000',2,1,1,'2020-04-27 20:00:11.351843',1),(154,'150路','05:30:00.000000','22:30:00.000000',2,1,1,'2020-04-27 20:00:11.354843',1),(155,'151路','05:30:00.000000','22:30:00.000000',2,1,1,'2020-04-27 20:00:11.358843',1),(156,'152路','05:30:00.000000','22:30:00.000000',2,1,1,'2020-04-27 20:00:11.363843',1),(157,'153路','05:30:00.000000','22:30:00.000000',2,1,1,'2020-04-27 20:00:11.366844',1),(158,'154路','05:30:00.000000','22:30:00.000000',2,1,1,'2020-04-27 20:00:11.370844',1),(159,'155路','05:30:00.000000','22:30:00.000000',2,1,1,'2020-04-27 20:00:11.375844',1),(160,'156路','05:30:00.000000','22:30:00.000000',2,1,1,'2020-04-27 20:00:11.379844',1),(161,'157路','05:30:00.000000','22:30:00.000000',2,1,1,'2020-04-27 20:00:11.383845',1),(162,'158路','05:30:00.000000','22:30:00.000000',2,1,1,'2020-04-27 20:00:11.386845',1),(163,'159路','05:30:00.000000','22:30:00.000000',2,1,1,'2020-04-27 20:00:11.390845',1),(164,'160路','05:30:00.000000','22:30:00.000000',2,1,1,'2020-04-27 20:00:11.394845',1),(165,'161路','05:30:00.000000','22:30:00.000000',2,1,1,'2020-04-27 20:00:11.397845',1),(166,'162路','05:30:00.000000','22:30:00.000000',2,1,1,'2020-04-27 20:00:11.402846',1),(167,'163路','05:30:00.000000','22:30:00.000000',2,1,1,'2020-04-27 20:00:11.406846',1),(168,'164路','05:30:00.000000','22:30:00.000000',2,1,1,'2020-04-27 20:00:11.409846',1),(169,'165路','05:30:00.000000','22:30:00.000000',2,1,1,'2020-04-27 20:00:11.412846',1),(170,'166路','05:30:00.000000','22:30:00.000000',2,1,1,'2020-04-27 20:00:11.416847',1),(171,'167路','05:30:00.000000','22:30:00.000000',2,1,1,'2020-04-27 20:00:11.420847',1),(172,'168路','05:30:00.000000','22:30:00.000000',2,1,1,'2020-04-27 20:00:11.425847',1),(173,'169路','05:30:00.000000','22:30:00.000000',2,1,1,'2020-04-27 20:00:11.429847',1),(174,'170路','05:30:00.000000','22:30:00.000000',2,1,1,'2020-04-27 20:00:11.434848',1),(175,'171路','05:30:00.000000','22:30:00.000000',2,1,1,'2020-04-27 20:00:11.438848',1),(176,'172路','05:30:00.000000','22:30:00.000000',2,1,1,'2020-04-27 20:00:11.443848',1),(177,'173路','05:30:00.000000','22:30:00.000000',2,1,1,'2020-04-27 20:00:11.447848',1),(178,'174路','05:30:00.000000','22:30:00.000000',2,1,1,'2020-04-27 20:00:11.451849',1),(179,'175路','05:30:00.000000','22:30:00.000000',2,1,1,'2020-04-27 20:00:11.456849',1),(180,'176路','05:30:00.000000','22:30:00.000000',2,1,1,'2020-04-27 20:00:11.460849',1),(181,'177路','05:30:00.000000','22:30:00.000000',2,1,1,'2020-04-27 20:00:11.465849',1),(182,'178路','05:30:00.000000','22:30:00.000000',2,1,1,'2020-04-27 20:00:11.471850',1),(183,'179路','05:30:00.000000','22:30:00.000000',2,1,1,'2020-04-27 20:00:11.474850',1),(184,'180路','05:30:00.000000','22:30:00.000000',2,1,1,'2020-04-27 20:00:11.478850',1),(185,'181路','05:30:00.000000','22:30:00.000000',2,1,1,'2020-04-27 20:00:11.482850',1),(186,'182路','05:30:00.000000','22:30:00.000000',2,1,1,'2020-04-27 20:00:11.486851',1),(187,'183路','05:30:00.000000','22:30:00.000000',2,1,1,'2020-04-27 20:00:11.489851',1),(188,'184路','05:30:00.000000','22:30:00.000000',2,1,1,'2020-04-27 20:00:11.494851',1),(189,'185路','05:30:00.000000','22:30:00.000000',2,1,1,'2020-04-27 20:00:11.498851',1),(190,'186路','05:30:00.000000','22:30:00.000000',2,1,1,'2020-04-27 20:00:11.502851',1),(191,'187路','05:30:00.000000','22:30:00.000000',2,1,1,'2020-04-27 20:00:11.505852',1),(192,'188路','05:30:00.000000','22:30:00.000000',2,1,1,'2020-04-27 20:00:11.509852',1),(193,'189路','05:30:00.000000','22:30:00.000000',2,1,1,'2020-04-27 20:00:11.512852',1),(194,'190路','05:30:00.000000','22:30:00.000000',2,1,1,'2020-04-27 20:00:11.516852',1),(195,'191路','05:30:00.000000','22:30:00.000000',2,1,1,'2020-04-27 20:00:11.519852',1),(196,'192路','05:30:00.000000','22:30:00.000000',2,1,1,'2020-04-27 20:00:11.523853',1),(197,'193路','05:30:00.000000','22:30:00.000000',2,1,1,'2020-04-27 20:00:11.526853',1),(198,'194路','05:30:00.000000','22:30:00.000000',2,1,1,'2020-04-27 20:00:11.530853',1),(199,'195路','05:30:00.000000','22:30:00.000000',2,1,1,'2020-04-27 20:00:11.534853',1),(200,'196路','05:30:00.000000','22:30:00.000000',2,1,1,'2020-04-27 20:00:11.537853',1),(201,'197路','05:30:00.000000','22:30:00.000000',2,1,1,'2020-04-27 20:00:11.541854',1),(202,'198路','05:30:00.000000','22:30:00.000000',2,1,1,'2020-04-27 20:00:11.546854',1),(203,'199路','05:30:00.000000','22:30:00.000000',2,1,1,'2020-04-27 20:00:11.549854',1),(204,'200路','05:30:00.000000','22:30:00.000000',2,1,1,'2020-04-27 20:00:11.553854',1),(205,'201路','05:30:00.000000','22:30:00.000000',2,1,1,'2020-04-27 20:00:11.556855',1),(206,'202路','05:30:00.000000','22:30:00.000000',2,1,1,'2020-04-27 20:00:11.560855',1),(207,'203路','05:30:00.000000','22:30:00.000000',2,1,1,'2020-04-27 20:00:11.565855',1),(208,'204路','05:30:00.000000','22:30:00.000000',2,1,1,'2020-04-27 20:00:11.570855',1),(209,'205路','05:30:00.000000','22:30:00.000000',2,1,1,'2020-04-27 20:00:11.575856',1),(210,'206路','05:30:00.000000','22:30:00.000000',2,1,1,'2020-04-27 20:00:11.580856',1),(211,'207路','05:30:00.000000','22:30:00.000000',2,1,1,'2020-04-27 20:00:11.585856',1),(212,'208路','05:30:00.000000','22:30:00.000000',2,1,1,'2020-04-27 20:00:11.591857',1),(213,'209路','05:30:00.000000','22:30:00.000000',2,1,1,'2020-04-27 20:00:11.595857',1),(214,'210路','05:30:00.000000','22:30:00.000000',2,1,1,'2020-04-27 20:00:11.600857',1),(215,'211路','05:30:00.000000','22:30:00.000000',2,1,1,'2020-04-27 20:00:11.606857',1),(216,'212路','05:30:00.000000','22:30:00.000000',2,1,1,'2020-04-27 20:00:11.612858',1),(217,'213路','05:30:00.000000','22:30:00.000000',2,1,1,'2020-04-27 20:00:11.618858',1),(218,'214路','05:30:00.000000','22:30:00.000000',2,1,1,'2020-04-27 20:00:11.624858',1),(219,'215路','05:30:00.000000','22:30:00.000000',2,1,1,'2020-04-27 20:00:11.629859',1),(220,'216路','05:30:00.000000','22:30:00.000000',2,1,1,'2020-04-27 20:00:11.634859',1),(221,'217路','05:30:00.000000','22:30:00.000000',2,1,1,'2020-04-27 20:00:11.640859',1),(222,'218路','05:30:00.000000','22:30:00.000000',2,1,1,'2020-04-27 20:00:11.645860',1),(223,'219路','05:30:00.000000','22:30:00.000000',2,1,1,'2020-04-27 20:00:11.650860',1),(224,'220路','05:30:00.000000','22:30:00.000000',2,1,1,'2020-04-27 20:00:11.655860',1),(225,'221路','05:30:00.000000','22:30:00.000000',2,1,1,'2020-04-27 20:00:11.659860',1),(226,'222路','05:30:00.000000','22:30:00.000000',2,1,1,'2020-04-27 20:00:11.664861',1),(227,'223路','05:30:00.000000','22:30:00.000000',2,1,1,'2020-04-27 20:00:11.669861',1),(228,'224路','05:30:00.000000','22:30:00.000000',2,1,1,'2020-04-27 20:00:11.674861',1),(229,'225路','05:30:00.000000','22:30:00.000000',2,1,1,'2020-04-27 20:00:11.678862',1),(230,'226路','05:30:00.000000','22:30:00.000000',2,1,1,'2020-04-27 20:00:11.683862',1),(231,'227路','05:30:00.000000','22:30:00.000000',2,1,1,'2020-04-27 20:00:11.687862',1),(232,'228路','05:30:00.000000','22:30:00.000000',2,1,1,'2020-04-27 20:00:11.693862',1),(233,'229路','05:30:00.000000','22:30:00.000000',2,1,1,'2020-04-27 20:00:11.697863',1),(234,'230路','05:30:00.000000','22:30:00.000000',2,1,1,'2020-04-27 20:00:11.701863',1),(235,'231路','05:30:00.000000','22:30:00.000000',2,1,1,'2020-04-27 20:00:11.707863',1),(236,'232路','05:30:00.000000','22:30:00.000000',2,1,1,'2020-04-27 20:00:11.710863',1),(237,'233路','05:30:00.000000','22:30:00.000000',2,1,1,'2020-04-27 20:00:11.713864',1),(238,'234路','05:30:00.000000','22:30:00.000000',2,1,1,'2020-04-27 20:00:11.720864',1),(239,'235路','05:30:00.000000','22:30:00.000000',2,1,1,'2020-04-27 20:00:11.725864',1),(240,'236路','05:30:00.000000','22:30:00.000000',2,1,1,'2020-04-27 20:00:11.729864',1),(241,'237路','05:30:00.000000','22:30:00.000000',2,1,1,'2020-04-27 20:00:11.732865',1),(242,'238路','05:30:00.000000','22:30:00.000000',2,1,1,'2020-04-27 20:00:11.736865',1),(243,'239路','05:30:00.000000','22:30:00.000000',2,1,1,'2020-04-27 20:00:11.740865',1),(244,'240路','05:30:00.000000','22:30:00.000000',2,1,1,'2020-04-27 20:00:11.745865',1),(245,'241路','05:30:00.000000','22:30:00.000000',2,1,1,'2020-04-27 20:00:11.748866',1),(246,'242路','05:30:00.000000','22:30:00.000000',2,1,1,'2020-04-27 20:00:11.752866',1),(247,'243路','05:30:00.000000','22:30:00.000000',2,1,1,'2020-04-27 20:00:11.755866',1),(248,'244路','05:30:00.000000','22:30:00.000000',2,1,1,'2020-04-27 20:00:11.758866',1),(249,'245路','05:30:00.000000','22:30:00.000000',2,1,1,'2020-04-27 20:00:11.763866',1),(250,'246路','05:30:00.000000','22:30:00.000000',2,1,1,'2020-04-27 20:00:11.767867',1),(251,'247路','05:30:00.000000','22:30:00.000000',2,1,1,'2020-04-27 20:00:11.770867',1),(252,'248路','05:30:00.000000','22:30:00.000000',2,1,1,'2020-04-27 20:00:11.772867',1),(253,'249路','05:30:00.000000','22:30:00.000000',2,1,1,'2020-04-27 20:00:11.775867',1),(254,'250路','05:30:00.000000','22:30:00.000000',2,1,1,'2020-04-27 20:00:11.779867',1),(255,'251路','05:30:00.000000','22:30:00.000000',2,1,1,'2020-04-27 20:00:11.783868',1),(256,'252路','05:30:00.000000','22:30:00.000000',2,1,1,'2020-04-27 20:00:11.786868',1),(257,'253路','05:30:00.000000','22:30:00.000000',2,1,1,'2020-04-27 20:00:11.788868',1),(258,'254路','05:30:00.000000','22:30:00.000000',2,1,1,'2020-04-27 20:00:11.792868',1),(259,'255路','05:30:00.000000','22:30:00.000000',2,1,1,'2020-04-27 20:00:11.795868',1),(260,'256路','05:30:00.000000','22:30:00.000000',2,1,1,'2020-04-27 20:00:11.798868',1),(261,'257路','05:30:00.000000','22:30:00.000000',2,1,1,'2020-04-27 20:00:11.803869',1),(262,'258路','05:30:00.000000','22:30:00.000000',2,1,1,'2020-04-27 20:00:11.807869',1),(263,'259路','05:30:00.000000','22:30:00.000000',2,1,1,'2020-04-27 20:00:11.810869',1),(264,'260路','05:30:00.000000','22:30:00.000000',2,1,1,'2020-04-27 20:00:11.813869',1),(265,'261路','05:30:00.000000','22:30:00.000000',2,1,1,'2020-04-27 20:00:11.817869',1),(266,'262路','05:30:00.000000','22:30:00.000000',2,1,1,'2020-04-27 20:00:11.821870',1),(267,'263路','05:30:00.000000','22:30:00.000000',2,1,1,'2020-04-27 20:00:11.826870',1),(268,'264路','05:30:00.000000','22:30:00.000000',2,1,1,'2020-04-27 20:00:11.830870',1),(269,'265路','05:30:00.000000','22:30:00.000000',2,1,1,'2020-04-27 20:00:11.834870',1),(270,'266路','05:30:00.000000','22:30:00.000000',2,1,1,'2020-04-27 20:00:11.837871',1),(271,'267路','05:30:00.000000','22:30:00.000000',2,1,1,'2020-04-27 20:00:11.842871',1),(272,'268路','05:30:00.000000','22:30:00.000000',2,1,1,'2020-04-27 20:00:11.846871',1),(273,'269路','05:30:00.000000','22:30:00.000000',2,1,1,'2020-04-27 20:00:11.848871',1),(274,'270路','05:30:00.000000','22:30:00.000000',2,1,1,'2020-04-27 20:00:11.852871',1),(275,'271路','05:30:00.000000','22:30:00.000000',2,1,1,'2020-04-27 20:00:11.855872',1),(276,'272路','05:30:00.000000','22:30:00.000000',2,1,1,'2020-04-27 20:00:11.858872',1),(277,'273路','05:30:00.000000','22:30:00.000000',2,1,1,'2020-04-27 20:00:11.862872',1),(278,'274路','05:30:00.000000','22:30:00.000000',2,1,1,'2020-04-27 20:00:11.866872',1),(279,'275路','05:30:00.000000','22:30:00.000000',2,1,1,'2020-04-27 20:00:11.870872',1),(280,'276路','05:30:00.000000','22:30:00.000000',2,1,1,'2020-04-27 20:00:11.873873',1),(281,'277路','05:30:00.000000','22:30:00.000000',2,1,1,'2020-04-27 20:00:11.876873',1),(282,'278路','05:30:00.000000','22:30:00.000000',2,1,1,'2020-04-27 20:00:11.879873',1),(283,'279路','05:30:00.000000','22:30:00.000000',2,1,1,'2020-04-27 20:00:11.883873',1),(284,'280路','05:30:00.000000','22:30:00.000000',2,1,1,'2020-04-27 20:00:11.887873',1),(285,'281路','05:30:00.000000','22:30:00.000000',2,1,1,'2020-04-27 20:00:11.890874',1),(286,'282路','05:30:00.000000','22:30:00.000000',2,1,1,'2020-04-27 20:00:11.894874',1),(287,'283路','05:30:00.000000','22:30:00.000000',2,1,1,'2020-04-27 20:00:11.897874',1),(288,'284路','05:30:00.000000','22:30:00.000000',2,1,1,'2020-04-27 20:00:11.901874',1),(289,'285路','05:30:00.000000','22:30:00.000000',2,1,1,'2020-04-27 20:00:11.906875',1),(290,'286路','05:30:00.000000','22:30:00.000000',2,1,1,'2020-04-27 20:00:11.909875',1),(291,'287路','05:30:00.000000','22:30:00.000000',2,1,1,'2020-04-27 20:00:11.913875',1),(292,'288路','05:30:00.000000','22:30:00.000000',2,1,1,'2020-04-27 20:00:11.917875',1),(293,'289路','05:30:00.000000','22:30:00.000000',2,1,1,'2020-04-27 20:00:11.920875',1),(294,'290路','05:30:00.000000','22:30:00.000000',2,1,1,'2020-04-27 20:00:11.924876',1),(295,'291路','05:30:00.000000','22:30:00.000000',2,1,1,'2020-04-27 20:00:11.927876',1),(296,'292路','05:30:00.000000','22:30:00.000000',2,1,1,'2020-04-27 20:00:11.930876',1),(297,'293路','05:30:00.000000','22:30:00.000000',2,1,1,'2020-04-27 20:00:11.934876',1),(298,'294路','05:30:00.000000','22:30:00.000000',2,1,1,'2020-04-27 20:00:11.937876',1),(299,'295路','05:30:00.000000','22:30:00.000000',2,1,1,'2020-04-27 20:00:11.941877',1),(300,'296路','05:30:00.000000','22:30:00.000000',2,1,1,'2020-04-27 20:00:11.944877',1),(301,'297路','05:30:00.000000','22:30:00.000000',2,1,1,'2020-04-27 20:00:11.948877',1),(302,'298路','05:30:00.000000','22:30:00.000000',2,1,1,'2020-04-27 20:00:11.952877',1),(303,'299路','05:30:00.000000','22:30:00.000000',2,1,1,'2020-04-27 20:00:11.955877',1),(304,'804路','05:30:00.000000','21:30:00.000000',2,1,1,'2020-04-27 20:00:11.958878',2),(305,'805路','05:30:00.000000','21:30:00.000000',2,1,1,'2020-04-27 20:00:11.962878',2),(306,'806路','05:30:00.000000','21:30:00.000000',2,1,1,'2020-04-27 20:00:11.966878',2),(307,'807路','05:30:00.000000','21:30:00.000000',2,1,1,'2020-04-27 20:00:11.969878',2),(308,'808路','05:30:00.000000','21:30:00.000000',2,1,1,'2020-04-27 20:00:11.972878',2),(309,'809路','05:30:00.000000','21:30:00.000000',2,1,1,'2020-04-27 20:00:11.975878',2),(310,'810路','05:30:00.000000','21:30:00.000000',2,1,1,'2020-04-27 20:00:11.978879',2),(311,'811路','05:30:00.000000','21:30:00.000000',2,1,1,'2020-04-27 20:00:11.982879',2),(312,'812路','05:30:00.000000','21:30:00.000000',2,1,1,'2020-04-27 20:00:11.986879',2),(313,'813路','05:30:00.000000','21:30:00.000000',2,1,1,'2020-04-27 20:00:11.989879',2),(314,'814路','05:30:00.000000','21:30:00.000000',2,1,1,'2020-04-27 20:00:11.993880',2),(315,'815路','05:30:00.000000','21:30:00.000000',2,1,1,'2020-04-27 20:00:11.996880',2),(316,'816路','05:30:00.000000','21:30:00.000000',2,1,1,'2020-04-27 20:00:11.999880',2),(317,'817路','05:30:00.000000','21:30:00.000000',2,1,1,'2020-04-27 20:00:12.003880',2),(318,'818路','05:30:00.000000','21:30:00.000000',2,1,1,'2020-04-27 20:00:12.006880',2),(319,'819路','05:30:00.000000','21:30:00.000000',2,1,1,'2020-04-27 20:00:12.010881',2),(320,'820路','05:30:00.000000','21:30:00.000000',2,1,1,'2020-04-27 20:00:12.014881',2),(321,'821路','05:30:00.000000','21:30:00.000000',2,1,1,'2020-04-27 20:00:12.017881',2),(322,'822路','05:30:00.000000','21:30:00.000000',2,1,1,'2020-04-27 20:00:12.020881',2),(323,'823路','05:30:00.000000','21:30:00.000000',2,1,1,'2020-04-27 20:00:12.023881',2),(324,'824路','05:30:00.000000','21:30:00.000000',2,1,1,'2020-04-27 20:00:12.026881',2),(325,'825路','05:30:00.000000','21:30:00.000000',2,1,1,'2020-04-27 20:00:12.030882',2),(326,'826路','05:30:00.000000','21:30:00.000000',2,1,1,'2020-04-27 20:00:12.032882',2),(327,'827路','05:30:00.000000','21:30:00.000000',2,1,1,'2020-04-27 20:00:12.035882',2),(328,'828路','05:30:00.000000','21:30:00.000000',2,1,1,'2020-04-27 20:00:12.039882',2),(329,'829路','05:30:00.000000','21:30:00.000000',2,1,1,'2020-04-27 20:00:12.042882',2),(330,'830路','05:30:00.000000','21:30:00.000000',2,1,1,'2020-04-27 20:00:12.046883',2),(331,'831路','05:30:00.000000','21:30:00.000000',2,1,1,'2020-04-27 20:00:12.048883',2),(332,'832路','05:30:00.000000','21:30:00.000000',2,1,1,'2020-04-27 20:00:12.051883',2),(333,'833路','05:30:00.000000','21:30:00.000000',2,1,1,'2020-04-27 20:00:12.054883',2),(334,'834路','05:30:00.000000','21:30:00.000000',2,1,1,'2020-04-27 20:00:12.057883',2),(335,'835路','05:30:00.000000','21:30:00.000000',2,1,1,'2020-04-27 20:00:12.062883',2),(336,'836路','05:30:00.000000','21:30:00.000000',2,1,1,'2020-04-27 20:00:12.065884',2),(337,'837路','05:30:00.000000','21:30:00.000000',2,1,1,'2020-04-27 20:00:12.068884',2),(338,'838路','05:30:00.000000','21:30:00.000000',2,1,1,'2020-04-27 20:00:12.072884',2),(339,'839路','05:30:00.000000','21:30:00.000000',2,1,1,'2020-04-27 20:00:12.075884',2),(340,'840路','05:30:00.000000','21:30:00.000000',2,1,1,'2020-04-27 20:00:12.078884',2),(341,'841路','05:30:00.000000','21:30:00.000000',2,1,1,'2020-04-27 20:00:12.081885',2),(342,'842路','05:30:00.000000','21:30:00.000000',2,1,1,'2020-04-27 20:00:12.084885',2),(343,'843路','05:30:00.000000','21:30:00.000000',2,1,1,'2020-04-27 20:00:12.087885',2),(344,'844路','05:30:00.000000','21:30:00.000000',2,1,1,'2020-04-27 20:00:12.090885',2),(345,'845路','05:30:00.000000','21:30:00.000000',2,1,1,'2020-04-27 20:00:12.095885',2),(346,'846路','05:30:00.000000','21:30:00.000000',2,1,1,'2020-04-27 20:00:12.099886',2),(347,'847路','05:30:00.000000','21:30:00.000000',2,1,1,'2020-04-27 20:00:12.103886',2),(348,'848路','05:30:00.000000','21:30:00.000000',2,1,1,'2020-04-27 20:00:12.106886',2),(349,'849路','05:30:00.000000','21:30:00.000000',2,1,1,'2020-04-27 20:00:12.109886',2),(350,'850路','05:30:00.000000','21:30:00.000000',2,1,1,'2020-04-27 20:00:12.113886',2),(351,'851路','05:30:00.000000','21:30:00.000000',2,1,1,'2020-04-27 20:00:12.116887',2),(352,'852路','05:30:00.000000','21:30:00.000000',2,1,1,'2020-04-27 20:00:12.120887',2),(353,'853路','05:30:00.000000','21:30:00.000000',2,1,1,'2020-04-27 20:00:12.123887',2),(354,'854路','05:30:00.000000','21:30:00.000000',2,1,1,'2020-04-27 20:00:12.125887',2),(355,'855路','05:30:00.000000','21:30:00.000000',2,1,1,'2020-04-27 20:00:12.128887',2),(356,'856路','05:30:00.000000','21:30:00.000000',2,1,1,'2020-04-27 20:00:12.131887',2),(357,'857路','05:30:00.000000','21:30:00.000000',2,1,1,'2020-04-27 20:00:12.135888',2),(358,'858路','05:30:00.000000','21:30:00.000000',2,1,1,'2020-04-27 20:00:12.139888',2),(359,'859路','05:30:00.000000','21:30:00.000000',2,1,1,'2020-04-27 20:00:12.142888',2),(360,'860路','05:30:00.000000','21:30:00.000000',2,1,1,'2020-04-27 20:00:12.145888',2),(361,'861路','05:30:00.000000','21:30:00.000000',2,1,1,'2020-04-27 20:00:12.148888',2),(362,'862路','05:30:00.000000','21:30:00.000000',2,1,1,'2020-04-27 20:00:12.152889',2),(363,'863路','05:30:00.000000','21:30:00.000000',2,1,1,'2020-04-27 20:00:12.155889',2),(364,'864路','05:30:00.000000','21:30:00.000000',2,1,1,'2020-04-27 20:00:12.158889',2),(365,'865路','05:30:00.000000','21:30:00.000000',2,1,1,'2020-04-27 20:00:12.160889',2),(366,'866路','05:30:00.000000','21:30:00.000000',2,1,1,'2020-04-27 20:00:12.164889',2),(367,'867路','05:30:00.000000','21:30:00.000000',2,1,1,'2020-04-27 20:00:12.167889',2),(368,'868路','05:30:00.000000','21:30:00.000000',2,1,1,'2020-04-27 20:00:12.170890',2),(369,'869路','05:30:00.000000','21:30:00.000000',2,1,1,'2020-04-27 20:00:12.173890',2),(370,'870路','05:30:00.000000','21:30:00.000000',2,1,1,'2020-04-27 20:00:12.176890',2),(371,'871路','05:30:00.000000','21:30:00.000000',2,1,1,'2020-04-27 20:00:12.180890',2),(372,'872路','05:30:00.000000','21:30:00.000000',2,1,1,'2020-04-27 20:00:12.183890',2),(373,'873路','05:30:00.000000','21:30:00.000000',2,1,1,'2020-04-27 20:00:12.186891',2),(374,'874路','05:30:00.000000','21:30:00.000000',2,1,1,'2020-04-27 20:00:12.189891',2),(375,'875路','05:30:00.000000','21:30:00.000000',2,1,1,'2020-04-27 20:00:12.193891',2),(376,'876路','05:30:00.000000','21:30:00.000000',2,1,1,'2020-04-27 20:00:12.196891',2),(377,'877路','05:30:00.000000','21:30:00.000000',2,1,1,'2020-04-27 20:00:12.199891',2),(378,'878路','05:30:00.000000','21:30:00.000000',2,1,1,'2020-04-27 20:00:12.203892',2),(379,'879路','05:30:00.000000','21:30:00.000000',2,1,1,'2020-04-27 20:00:12.206892',2),(380,'880路','05:30:00.000000','21:30:00.000000',2,1,1,'2020-04-27 20:00:12.209892',2),(381,'881路','05:30:00.000000','21:30:00.000000',2,1,1,'2020-04-27 20:00:12.212892',2),(382,'882路','05:30:00.000000','21:30:00.000000',2,1,1,'2020-04-27 20:00:12.216892',2),(383,'883路','05:30:00.000000','21:30:00.000000',2,1,1,'2020-04-27 20:00:12.219892',2),(384,'884路','05:30:00.000000','21:30:00.000000',2,1,1,'2020-04-27 20:00:12.222893',2),(385,'885路','05:30:00.000000','21:30:00.000000',2,1,1,'2020-04-27 20:00:12.225893',2),(386,'886路','05:30:00.000000','21:30:00.000000',2,1,1,'2020-04-27 20:00:12.228893',2),(387,'887路','05:30:00.000000','21:30:00.000000',2,1,1,'2020-04-27 20:00:12.232893',2),(388,'888路','05:30:00.000000','21:30:00.000000',2,1,1,'2020-04-27 20:00:12.235893',2),(389,'889路','05:30:00.000000','21:30:00.000000',2,1,1,'2020-04-27 20:00:12.238894',2),(390,'890路','05:30:00.000000','21:30:00.000000',2,1,1,'2020-04-27 20:00:12.242894',2),(391,'891路','05:30:00.000000','21:30:00.000000',2,1,1,'2020-04-27 20:00:12.246894',2),(392,'892路','05:30:00.000000','21:30:00.000000',2,1,1,'2020-04-27 20:00:12.249894',2),(393,'893路','05:30:00.000000','21:30:00.000000',2,1,1,'2020-04-27 20:00:12.251894',2),(394,'894路','05:30:00.000000','21:30:00.000000',2,1,1,'2020-04-27 20:00:12.254894',2),(395,'895路','05:30:00.000000','21:30:00.000000',2,1,1,'2020-04-27 20:00:12.258895',2),(396,'896路','05:30:00.000000','21:30:00.000000',2,1,1,'2020-04-27 20:00:12.262895',2),(397,'897路','05:30:00.000000','21:30:00.000000',2,1,1,'2020-04-27 20:00:12.264895',2),(398,'898路','05:30:00.000000','21:30:00.000000',2,1,1,'2020-04-27 20:00:12.268895',2),(399,'899路','05:30:00.000000','21:30:00.000000',2,1,1,'2020-04-27 20:00:12.271895',2),(400,'900路','05:30:00.000000','21:30:00.000000',2,1,1,'2020-04-27 20:00:12.274896',2),(401,'901路','05:30:00.000000','21:30:00.000000',2,1,1,'2020-04-27 20:00:12.277896',2),(402,'902路','05:30:00.000000','21:30:00.000000',2,1,1,'2020-04-27 20:00:12.280896',2),(403,'903路','05:30:00.000000','21:30:00.000000',2,1,1,'2020-04-27 20:00:12.283896',2),(404,'904路','05:30:00.000000','21:30:00.000000',2,1,1,'2020-04-27 20:00:12.286896',2),(405,'905路','05:30:00.000000','21:30:00.000000',2,1,1,'2020-04-27 20:00:12.289896',2),(406,'906路','05:30:00.000000','21:30:00.000000',2,1,1,'2020-04-27 20:00:12.292897',2),(407,'907路','05:30:00.000000','21:30:00.000000',2,1,1,'2020-04-27 20:00:12.295897',2),(408,'908路','05:30:00.000000','21:30:00.000000',2,1,1,'2020-04-27 20:00:12.299897',2),(409,'909路','05:30:00.000000','21:30:00.000000',2,1,1,'2020-04-27 20:00:12.302897',2),(410,'910路','05:30:00.000000','21:30:00.000000',2,1,1,'2020-04-27 20:00:12.305897',2),(411,'911路','05:30:00.000000','21:30:00.000000',2,1,1,'2020-04-27 20:00:12.309898',2),(412,'912路','05:30:00.000000','21:30:00.000000',2,1,1,'2020-04-27 20:00:12.312898',2),(413,'913路','05:30:00.000000','21:30:00.000000',2,1,1,'2020-04-27 20:00:12.315898',2),(414,'914路','05:30:00.000000','21:30:00.000000',2,1,1,'2020-04-27 20:00:12.318898',2),(415,'915路','05:30:00.000000','21:30:00.000000',2,1,1,'2020-04-27 20:00:12.322898',2),(416,'916路','05:30:00.000000','21:30:00.000000',2,1,1,'2020-04-27 20:00:12.325899',2),(417,'917路','05:30:00.000000','21:30:00.000000',2,1,1,'2020-04-27 20:00:12.328899',2),(418,'918路','05:30:00.000000','21:30:00.000000',2,1,1,'2020-04-27 20:00:12.331899',2),(419,'919路','05:30:00.000000','21:30:00.000000',2,1,1,'2020-04-27 20:00:12.334899',2),(420,'920路','05:30:00.000000','21:30:00.000000',2,1,1,'2020-04-27 20:00:12.337899',2),(421,'921路','05:30:00.000000','21:30:00.000000',2,1,1,'2020-04-27 20:00:12.341899',2),(422,'922路','05:30:00.000000','21:30:00.000000',2,1,1,'2020-04-27 20:00:12.344900',2),(423,'923路','05:30:00.000000','21:30:00.000000',2,1,1,'2020-04-27 20:00:12.348900',2),(424,'924路','05:30:00.000000','21:30:00.000000',2,1,1,'2020-04-27 20:00:12.351900',2),(425,'925路','05:30:00.000000','21:30:00.000000',2,1,1,'2020-04-27 20:00:12.354900',2),(426,'926路','05:30:00.000000','21:30:00.000000',2,1,1,'2020-04-27 20:00:12.357900',2),(427,'927路','05:30:00.000000','21:30:00.000000',2,1,1,'2020-04-27 20:00:12.361901',2),(428,'928路','05:30:00.000000','21:30:00.000000',2,1,1,'2020-04-27 20:00:12.364901',2),(429,'929路','05:30:00.000000','21:30:00.000000',2,1,1,'2020-04-27 20:00:12.367901',2),(430,'930路','05:30:00.000000','21:30:00.000000',2,1,1,'2020-04-27 20:00:12.370901',2),(431,'931路','05:30:00.000000','21:30:00.000000',2,1,1,'2020-04-27 20:00:12.373901',2),(432,'932路','05:30:00.000000','21:30:00.000000',2,1,1,'2020-04-27 20:00:12.376901',2),(433,'933路','05:30:00.000000','21:30:00.000000',2,1,1,'2020-04-27 20:00:12.379902',2),(434,'934路','05:30:00.000000','21:30:00.000000',2,1,1,'2020-04-27 20:00:12.382902',2),(435,'935路','05:30:00.000000','21:30:00.000000',2,1,1,'2020-04-27 20:00:12.385902',2),(436,'936路','05:30:00.000000','21:30:00.000000',2,1,1,'2020-04-27 20:00:12.388902',2),(437,'937路','05:30:00.000000','21:30:00.000000',2,1,1,'2020-04-27 20:00:12.391902',2),(438,'938路','05:30:00.000000','21:30:00.000000',2,1,1,'2020-04-27 20:00:12.394902',2),(439,'939路','05:30:00.000000','21:30:00.000000',2,1,1,'2020-04-27 20:00:12.397903',2),(440,'940路','05:30:00.000000','21:30:00.000000',2,1,1,'2020-04-27 20:00:12.401903',2),(441,'941路','05:30:00.000000','21:30:00.000000',2,1,1,'2020-04-27 20:00:12.404903',2),(442,'942路','05:30:00.000000','21:30:00.000000',2,1,1,'2020-04-27 20:00:12.407903',2),(443,'943路','05:30:00.000000','21:30:00.000000',2,1,1,'2020-04-27 20:00:12.410903',2),(444,'944路','05:30:00.000000','21:30:00.000000',2,1,1,'2020-04-27 20:00:12.413904',2),(445,'945路','05:30:00.000000','21:30:00.000000',2,1,1,'2020-04-27 20:00:12.416904',2),(446,'946路','05:30:00.000000','21:30:00.000000',2,1,1,'2020-04-27 20:00:12.419904',2),(447,'947路','05:30:00.000000','21:30:00.000000',2,1,1,'2020-04-27 20:00:12.423904',2),(448,'948路','05:30:00.000000','21:30:00.000000',2,1,1,'2020-04-27 20:00:12.426904',2),(449,'949路','05:30:00.000000','21:30:00.000000',2,1,1,'2020-04-27 20:00:12.429904',2),(450,'950路','05:30:00.000000','21:30:00.000000',2,1,1,'2020-04-27 20:00:12.433905',2),(451,'951路','05:30:00.000000','21:30:00.000000',2,1,1,'2020-04-27 20:00:12.436905',2),(452,'952路','05:30:00.000000','21:30:00.000000',2,1,1,'2020-04-27 20:00:12.439905',2),(453,'953路','05:30:00.000000','21:30:00.000000',2,1,1,'2020-04-27 20:00:12.442905',2),(454,'954路','05:30:00.000000','21:30:00.000000',2,1,1,'2020-04-27 20:00:12.447905',2),(455,'955路','05:30:00.000000','21:30:00.000000',2,1,1,'2020-04-27 20:00:12.451906',2),(456,'956路','05:30:00.000000','21:30:00.000000',2,1,1,'2020-04-27 20:00:12.454906',2),(457,'957路','05:30:00.000000','21:30:00.000000',2,1,1,'2020-04-27 20:00:12.464906',2),(458,'958路','05:30:00.000000','21:30:00.000000',2,1,1,'2020-04-27 20:00:12.469907',2),(459,'959路','05:30:00.000000','21:30:00.000000',2,1,1,'2020-04-27 20:00:12.473907',2),(460,'960路','05:30:00.000000','21:30:00.000000',2,1,1,'2020-04-27 20:00:12.476907',2),(461,'961路','05:30:00.000000','21:30:00.000000',2,1,1,'2020-04-27 20:00:12.483908',2),(462,'962路','05:30:00.000000','21:30:00.000000',2,1,1,'2020-04-27 20:00:12.487908',2),(463,'963路','05:30:00.000000','21:30:00.000000',2,1,1,'2020-04-27 20:00:12.503909',2),(464,'964路','05:30:00.000000','21:30:00.000000',2,1,1,'2020-04-27 20:00:12.524910',2),(465,'965路','05:30:00.000000','21:30:00.000000',2,1,1,'2020-04-27 20:00:12.576913',2),(466,'966路','05:30:00.000000','21:30:00.000000',2,1,1,'2020-04-27 20:00:12.595914',2),(467,'967路','05:30:00.000000','21:30:00.000000',2,1,1,'2020-04-27 20:00:12.599914',2),(468,'968路','05:30:00.000000','21:30:00.000000',2,1,1,'2020-04-27 20:00:12.603914',2),(469,'969路','05:30:00.000000','21:30:00.000000',2,1,1,'2020-04-27 20:00:12.606915',2),(470,'970路','05:30:00.000000','21:30:00.000000',2,1,1,'2020-04-27 20:00:12.609915',2),(471,'971路','05:30:00.000000','21:30:00.000000',2,1,1,'2020-04-27 20:00:12.612915',2),(472,'972路','05:30:00.000000','21:30:00.000000',2,1,1,'2020-04-27 20:00:12.615915',2),(473,'973路','05:30:00.000000','21:30:00.000000',2,1,1,'2020-04-27 20:00:12.619915',2),(474,'974路','05:30:00.000000','21:30:00.000000',2,1,1,'2020-04-27 20:00:12.623916',2),(475,'975路','05:30:00.000000','21:30:00.000000',2,1,1,'2020-04-27 20:00:12.626916',2),(476,'976路','05:30:00.000000','21:30:00.000000',2,1,1,'2020-04-27 20:00:12.629916',2),(477,'977路','05:30:00.000000','21:30:00.000000',2,1,1,'2020-04-27 20:00:12.633916',2),(478,'978路','05:30:00.000000','21:30:00.000000',2,1,1,'2020-04-27 20:00:12.636916',2),(479,'979路','05:30:00.000000','21:30:00.000000',2,1,1,'2020-04-27 20:00:12.639916',2),(480,'980路','05:30:00.000000','21:30:00.000000',2,1,1,'2020-04-27 20:00:12.643917',2),(481,'981路','05:30:00.000000','21:30:00.000000',2,1,1,'2020-04-27 20:00:12.646917',2),(482,'982路','05:30:00.000000','21:30:00.000000',2,1,1,'2020-04-27 20:00:12.649917',2),(483,'983路','05:30:00.000000','21:30:00.000000',2,1,1,'2020-04-27 20:00:12.652917',2),(484,'984路','05:30:00.000000','21:30:00.000000',2,1,1,'2020-04-27 20:00:12.655917',2),(485,'985路','05:30:00.000000','21:30:00.000000',2,1,1,'2020-04-27 20:00:12.658918',2),(486,'986路','05:30:00.000000','21:30:00.000000',2,1,1,'2020-04-27 20:00:12.663918',2),(487,'987路','05:30:00.000000','21:30:00.000000',2,1,1,'2020-04-27 20:00:12.666918',2),(488,'988路','05:30:00.000000','21:30:00.000000',2,1,1,'2020-04-27 20:00:12.669918',2),(489,'989路','05:30:00.000000','21:30:00.000000',2,1,1,'2020-04-27 20:00:12.672918',2),(490,'990路','05:30:00.000000','21:30:00.000000',2,1,1,'2020-04-27 20:00:12.675919',2),(491,'991路','05:30:00.000000','21:30:00.000000',2,1,1,'2020-04-27 20:00:12.677919',2),(492,'992路','05:30:00.000000','21:30:00.000000',2,1,1,'2020-04-27 20:00:12.682919',2),(493,'993路','05:30:00.000000','21:30:00.000000',2,1,1,'2020-04-27 20:00:12.685919',2),(494,'994路','05:30:00.000000','21:30:00.000000',2,1,1,'2020-04-27 20:00:12.688919',2),(495,'995路','05:30:00.000000','21:30:00.000000',2,1,1,'2020-04-27 20:00:12.691919',2),(496,'996路','05:30:00.000000','21:30:00.000000',2,1,1,'2020-04-27 20:00:12.694920',2),(497,'997路','05:30:00.000000','21:30:00.000000',2,1,1,'2020-04-27 20:00:12.697920',2),(498,'998路','05:30:00.000000','21:30:00.000000',2,1,1,'2020-04-27 20:00:12.701920',2),(499,'专3路','05:30:00.000000','21:30:00.000000',2,1,1,'2020-04-27 20:00:12.705920',4),(500,'专4路','05:30:00.000000','21:30:00.000000',2,1,1,'2020-04-27 20:00:12.709920',4),(501,'专5路','05:30:00.000000','21:30:00.000000',2,1,1,'2020-04-27 20:00:12.713921',4),(502,'专6路','05:30:00.000000','21:30:00.000000',2,1,1,'2020-04-27 20:00:12.715921',4),(503,'专7路','05:30:00.000000','21:30:00.000000',2,1,1,'2020-04-27 20:00:12.718921',4),(504,'专8路','05:30:00.000000','21:30:00.000000',2,1,1,'2020-04-27 20:00:12.723921',4),(505,'专9路','05:30:00.000000','21:30:00.000000',2,1,1,'2020-04-27 20:00:12.726921',4),(506,'专10路','05:30:00.000000','21:30:00.000000',2,1,1,'2020-04-27 20:00:12.729922',4),(507,'专11路','05:30:00.000000','21:30:00.000000',2,1,1,'2020-04-27 20:00:12.732922',4),(508,'专12路','05:30:00.000000','21:30:00.000000',2,1,1,'2020-04-27 20:00:12.735922',4),(509,'专13路','05:30:00.000000','21:30:00.000000',2,1,1,'2020-04-27 20:00:12.738922',4),(510,'专14路','05:30:00.000000','21:30:00.000000',2,1,1,'2020-04-27 20:00:12.741922',4),(511,'专15路','05:30:00.000000','21:30:00.000000',2,1,1,'2020-04-27 20:00:12.745923',4),(512,'专16路','05:30:00.000000','21:30:00.000000',2,1,1,'2020-04-27 20:00:12.748923',4),(513,'专17路','05:30:00.000000','21:30:00.000000',2,1,1,'2020-04-27 20:00:12.750923',4),(514,'专18路','05:30:00.000000','21:30:00.000000',2,1,1,'2020-04-27 20:00:12.753923',4),(515,'专19路','05:30:00.000000','21:30:00.000000',2,1,1,'2020-04-27 20:00:12.756923',4),(516,'专20路','05:30:00.000000','21:30:00.000000',2,1,1,'2020-04-27 20:00:12.759923',4),(517,'专21路','05:30:00.000000','21:30:00.000000',2,1,1,'2020-04-27 20:00:12.763924',4),(518,'专22路','05:30:00.000000','21:30:00.000000',2,1,1,'2020-04-27 20:00:12.766924',4),(519,'专23路','05:30:00.000000','21:30:00.000000',2,1,1,'2020-04-27 20:00:12.769924',4),(520,'专24路','05:30:00.000000','21:30:00.000000',2,1,1,'2020-04-27 20:00:12.773924',4),(521,'专25路','05:30:00.000000','21:30:00.000000',2,1,1,'2020-04-27 20:00:12.776924',4),(522,'专26路','05:30:00.000000','21:30:00.000000',2,1,1,'2020-04-27 20:00:12.779924',4),(523,'专27路','05:30:00.000000','21:30:00.000000',2,1,1,'2020-04-27 20:00:12.782925',4),(524,'专28路','05:30:00.000000','21:30:00.000000',2,1,1,'2020-04-27 20:00:12.785925',4),(525,'专29路','05:30:00.000000','21:30:00.000000',2,1,1,'2020-04-27 20:00:12.788925',4),(526,'专30路','05:30:00.000000','21:30:00.000000',2,1,1,'2020-04-27 20:00:12.791925',4),(527,'专31路','05:30:00.000000','21:30:00.000000',2,1,1,'2020-04-27 20:00:12.793925',4),(528,'专32路','05:30:00.000000','21:30:00.000000',2,1,1,'2020-04-27 20:00:12.797926',4),(529,'专33路','05:30:00.000000','21:30:00.000000',2,1,1,'2020-04-27 20:00:12.800926',4),(530,'专34路','05:30:00.000000','21:30:00.000000',2,1,1,'2020-04-27 20:00:12.803926',4),(531,'专35路','05:30:00.000000','21:30:00.000000',2,1,1,'2020-04-27 20:00:12.806926',4),(532,'专36路','05:30:00.000000','21:30:00.000000',2,1,1,'2020-04-27 20:00:12.809926',4),(533,'专37路','05:30:00.000000','21:30:00.000000',2,1,1,'2020-04-27 20:00:12.813926',4),(534,'专38路','05:30:00.000000','21:30:00.000000',2,1,1,'2020-04-27 20:00:12.816927',4),(535,'专39路','05:30:00.000000','21:30:00.000000',2,1,1,'2020-04-27 20:00:12.819927',4),(536,'专40路','05:30:00.000000','21:30:00.000000',2,1,1,'2020-04-27 20:00:12.824927',4),(537,'专41路','05:30:00.000000','21:30:00.000000',2,1,1,'2020-04-27 20:00:12.827927',4),(538,'专42路','05:30:00.000000','21:30:00.000000',2,1,1,'2020-04-27 20:00:12.830927',4),(539,'专43路','05:30:00.000000','21:30:00.000000',2,1,1,'2020-04-27 20:00:12.832928',4),(540,'专44路','05:30:00.000000','21:30:00.000000',2,1,1,'2020-04-27 20:00:12.836928',4),(541,'专45路','05:30:00.000000','21:30:00.000000',2,1,1,'2020-04-27 20:00:12.841928',4),(542,'专46路','05:30:00.000000','21:30:00.000000',2,1,1,'2020-04-27 20:00:12.844928',4),(543,'专47路','05:30:00.000000','21:30:00.000000',2,1,1,'2020-04-27 20:00:12.847928',4),(544,'专48路','05:30:00.000000','21:30:00.000000',2,1,1,'2020-04-27 20:00:12.850929',4),(545,'专49路','05:30:00.000000','21:30:00.000000',2,1,1,'2020-04-27 20:00:12.853929',4),(546,'专50路','05:30:00.000000','21:30:00.000000',2,1,1,'2020-04-27 20:00:12.855929',4),(547,'专51路','05:30:00.000000','21:30:00.000000',2,1,1,'2020-04-27 20:00:12.859929',4),(548,'专52路','05:30:00.000000','21:30:00.000000',2,1,1,'2020-04-27 20:00:12.862929',4),(549,'专53路','05:30:00.000000','21:30:00.000000',2,1,1,'2020-04-27 20:00:12.866929',4),(550,'专54路','05:30:00.000000','21:30:00.000000',2,1,1,'2020-04-27 20:00:12.869930',4),(551,'专55路','05:30:00.000000','21:30:00.000000',2,1,1,'2020-04-27 20:00:12.872930',4),(552,'专56路','05:30:00.000000','21:30:00.000000',2,1,1,'2020-04-27 20:00:12.876930',4),(553,'专57路','05:30:00.000000','21:30:00.000000',2,1,1,'2020-04-27 20:00:12.879930',4),(554,'专58路','05:30:00.000000','21:30:00.000000',2,1,1,'2020-04-27 20:00:12.883930',4),(555,'专59路','05:30:00.000000','21:30:00.000000',2,1,1,'2020-04-27 20:00:12.886931',4),(556,'专60路','05:30:00.000000','21:30:00.000000',2,1,1,'2020-04-27 20:00:12.890931',4),(557,'专61路','05:30:00.000000','21:30:00.000000',2,1,1,'2020-04-27 20:00:12.893931',4),(558,'专62路','05:30:00.000000','21:30:00.000000',2,1,1,'2020-04-27 20:00:12.896931',4),(559,'专63路','05:30:00.000000','21:30:00.000000',2,1,1,'2020-04-27 20:00:12.899931',4),(560,'专64路','05:30:00.000000','21:30:00.000000',2,1,1,'2020-04-27 20:00:12.904932',4),(561,'专65路','05:30:00.000000','21:30:00.000000',2,1,1,'2020-04-27 20:00:12.907932',4),(562,'专66路','05:30:00.000000','21:30:00.000000',2,1,1,'2020-04-27 20:00:12.910932',4),(563,'专67路','05:30:00.000000','21:30:00.000000',2,1,1,'2020-04-27 20:00:12.913932',4),(564,'专68路','05:30:00.000000','21:30:00.000000',2,1,1,'2020-04-27 20:00:12.916932',4),(565,'专69路','05:30:00.000000','21:30:00.000000',2,1,1,'2020-04-27 20:00:12.920933',4),(566,'专70路','05:30:00.000000','21:30:00.000000',2,1,1,'2020-04-27 20:00:12.923933',4),(567,'专71路','05:30:00.000000','21:30:00.000000',2,1,1,'2020-04-27 20:00:12.926933',4),(568,'专72路','05:30:00.000000','21:30:00.000000',2,1,1,'2020-04-27 20:00:12.930933',4),(569,'专73路','05:30:00.000000','21:30:00.000000',2,1,1,'2020-04-27 20:00:12.934933',4),(570,'专74路','05:30:00.000000','21:30:00.000000',2,1,1,'2020-04-27 20:00:12.936933',4),(571,'专75路','05:30:00.000000','21:30:00.000000',2,1,1,'2020-04-27 20:00:12.941934',4),(572,'专76路','05:30:00.000000','21:30:00.000000',2,1,1,'2020-04-27 20:00:12.944934',4),(573,'专77路','05:30:00.000000','21:30:00.000000',2,1,1,'2020-04-27 20:00:12.947934',4),(574,'专78路','05:30:00.000000','21:30:00.000000',2,1,1,'2020-04-27 20:00:12.950934',4),(575,'专79路','05:30:00.000000','21:30:00.000000',2,1,1,'2020-04-27 20:00:12.953934',4),(576,'专80路','05:30:00.000000','21:30:00.000000',2,1,1,'2020-04-27 20:00:12.956935',4),(577,'专81路','05:30:00.000000','21:30:00.000000',2,1,1,'2020-04-27 20:00:12.959935',4),(578,'专82路','05:30:00.000000','21:30:00.000000',2,1,1,'2020-04-27 20:00:12.963935',4),(579,'专83路','05:30:00.000000','21:30:00.000000',2,1,1,'2020-04-27 20:00:12.966935',4),(580,'专84路','05:30:00.000000','21:30:00.000000',2,1,1,'2020-04-27 20:00:12.969935',4),(581,'专85路','05:30:00.000000','21:30:00.000000',2,1,1,'2020-04-27 20:00:12.972936',4),(582,'专86路','05:30:00.000000','21:30:00.000000',2,1,1,'2020-04-27 20:00:12.975936',4),(583,'专87路','05:30:00.000000','21:30:00.000000',2,1,1,'2020-04-27 20:00:12.979936',4),(584,'专88路','05:30:00.000000','21:30:00.000000',2,1,1,'2020-04-27 20:00:12.981936',4),(585,'专89路','05:30:00.000000','21:30:00.000000',2,1,1,'2020-04-27 20:00:12.984936',4),(586,'专90路','05:30:00.000000','21:30:00.000000',2,1,1,'2020-04-27 20:00:12.987936',4),(587,'专91路','05:30:00.000000','21:30:00.000000',2,1,1,'2020-04-27 20:00:12.991937',4),(588,'专92路','05:30:00.000000','21:30:00.000000',2,1,1,'2020-04-27 20:00:12.996937',4),(589,'专93路','05:30:00.000000','21:30:00.000000',2,1,1,'2020-04-27 20:00:13.002937',4),(590,'专94路','05:30:00.000000','21:30:00.000000',2,1,1,'2020-04-27 20:00:13.005937',4),(591,'专95路','05:30:00.000000','21:30:00.000000',2,1,1,'2020-04-27 20:00:13.008938',4),(592,'专96路','05:30:00.000000','21:30:00.000000',2,1,1,'2020-04-27 20:00:13.011938',4),(593,'专97路','05:30:00.000000','21:30:00.000000',2,1,1,'2020-04-27 20:00:13.014938',4),(594,'专98路','05:30:00.000000','21:30:00.000000',2,1,1,'2020-04-27 20:00:13.017938',4),(595,'专99路','05:30:00.000000','21:30:00.000000',2,1,1,'2020-04-27 20:00:13.021938',4),(596,'专100路','05:30:00.000000','21:30:00.000000',2,1,1,'2020-04-27 20:00:13.024939',4),(597,'专101路','05:30:00.000000','21:30:00.000000',2,1,1,'2020-04-27 20:00:13.027939',4),(598,'专102路','05:30:00.000000','21:30:00.000000',2,1,1,'2020-04-27 20:00:13.030939',4),(599,'专103路','05:30:00.000000','21:30:00.000000',2,1,1,'2020-04-27 20:00:13.033939',4),(600,'专104路','05:30:00.000000','21:30:00.000000',2,1,1,'2020-04-27 20:00:13.035939',4),(601,'专105路','05:30:00.000000','21:30:00.000000',2,1,1,'2020-04-27 20:00:13.039939',4),(602,'专106路','05:30:00.000000','21:30:00.000000',2,1,1,'2020-04-27 20:00:13.042940',4),(603,'专107路','05:30:00.000000','21:30:00.000000',2,1,1,'2020-04-27 20:00:13.045940',4),(604,'专108路','05:30:00.000000','21:30:00.000000',2,1,1,'2020-04-27 20:00:13.048940',4),(605,'专109路','05:30:00.000000','21:30:00.000000',2,1,1,'2020-04-27 20:00:13.051940',4),(606,'专110路','05:30:00.000000','21:30:00.000000',2,1,1,'2020-04-27 20:00:13.055940',4),(607,'专111路','05:30:00.000000','21:30:00.000000',2,1,1,'2020-04-27 20:00:13.058940',4),(608,'专112路','05:30:00.000000','21:30:00.000000',2,1,1,'2020-04-27 20:00:13.061941',4),(609,'专113路','05:30:00.000000','21:30:00.000000',2,1,1,'2020-04-27 20:00:13.064941',4),(610,'专114路','05:30:00.000000','21:30:00.000000',2,1,1,'2020-04-27 20:00:13.067941',4),(611,'专115路','05:30:00.000000','21:30:00.000000',2,1,1,'2020-04-27 20:00:13.070941',4),(612,'专116路','05:30:00.000000','21:30:00.000000',2,1,1,'2020-04-27 20:00:13.073941',4),(613,'专117路','05:30:00.000000','21:30:00.000000',2,1,1,'2020-04-27 20:00:13.077942',4),(614,'专118路','05:30:00.000000','21:30:00.000000',2,1,1,'2020-04-27 20:00:13.080942',4),(615,'专119路','05:30:00.000000','21:30:00.000000',2,1,1,'2020-04-27 20:00:13.083942',4),(616,'专120路','05:30:00.000000','21:30:00.000000',2,1,1,'2020-04-27 20:00:13.087942',4),(617,'专121路','05:30:00.000000','21:30:00.000000',2,1,1,'2020-04-27 20:00:13.090942',4),(618,'专122路','05:30:00.000000','21:30:00.000000',2,1,1,'2020-04-27 20:00:13.093942',4),(619,'专123路','05:30:00.000000','21:30:00.000000',2,1,1,'2020-04-27 20:00:13.096943',4),(620,'专124路','05:30:00.000000','21:30:00.000000',2,1,1,'2020-04-27 20:00:13.100943',4),(621,'专125路','05:30:00.000000','21:30:00.000000',2,1,1,'2020-04-27 20:00:13.105943',4),(622,'专126路','05:30:00.000000','21:30:00.000000',2,1,1,'2020-04-27 20:00:13.108943',4),(623,'专127路','05:30:00.000000','21:30:00.000000',2,1,1,'2020-04-27 20:00:13.111943',4),(624,'专128路','05:30:00.000000','21:30:00.000000',2,1,1,'2020-04-27 20:00:13.114944',4),(625,'专129路','05:30:00.000000','21:30:00.000000',2,1,1,'2020-04-27 20:00:13.117944',4),(626,'专130路','05:30:00.000000','21:30:00.000000',2,1,1,'2020-04-27 20:00:13.122944',4),(627,'专131路','05:30:00.000000','21:30:00.000000',2,1,1,'2020-04-27 20:00:13.125944',4),(628,'专132路','05:30:00.000000','21:30:00.000000',2,1,1,'2020-04-27 20:00:13.128944',4),(629,'专133路','05:30:00.000000','21:30:00.000000',2,1,1,'2020-04-27 20:00:13.131945',4),(630,'专134路','05:30:00.000000','21:30:00.000000',2,1,1,'2020-04-27 20:00:13.134945',4),(631,'专135路','05:30:00.000000','21:30:00.000000',2,1,1,'2020-04-27 20:00:13.137945',4),(632,'专136路','05:30:00.000000','21:30:00.000000',2,1,1,'2020-04-27 20:00:13.140945',4),(633,'专137路','05:30:00.000000','21:30:00.000000',2,1,1,'2020-04-27 20:00:13.143945',4),(634,'专138路','05:30:00.000000','21:30:00.000000',2,1,1,'2020-04-27 20:00:13.147946',4),(635,'专139路','05:30:00.000000','21:30:00.000000',2,1,1,'2020-04-27 20:00:13.150946',4),(636,'专140路','05:30:00.000000','21:30:00.000000',2,1,1,'2020-04-27 20:00:13.153946',4),(637,'专141路','05:30:00.000000','21:30:00.000000',2,1,1,'2020-04-27 20:00:13.156946',4),(638,'专142路','05:30:00.000000','21:30:00.000000',2,1,1,'2020-04-27 20:00:13.160946',4),(639,'专143路','05:30:00.000000','21:30:00.000000',2,1,1,'2020-04-27 20:00:13.164947',4),(640,'专144路','05:30:00.000000','21:30:00.000000',2,1,1,'2020-04-27 20:00:13.167947',4),(641,'专145路','05:30:00.000000','21:30:00.000000',2,1,1,'2020-04-27 20:00:13.170947',4),(642,'专146路','05:30:00.000000','21:30:00.000000',2,1,1,'2020-04-27 20:00:13.173947',4),(643,'专147路','05:30:00.000000','21:30:00.000000',2,1,1,'2020-04-27 20:00:13.176947',4),(644,'专148路','05:30:00.000000','21:30:00.000000',2,1,1,'2020-04-27 20:00:13.182948',4),(645,'专149路','05:30:00.000000','21:30:00.000000',2,1,1,'2020-04-27 20:00:13.185948',4),(646,'专150路','05:30:00.000000','21:30:00.000000',2,1,1,'2020-04-27 20:00:13.187948',4),(647,'专151路','05:30:00.000000','21:30:00.000000',2,1,1,'2020-04-27 20:00:13.190948',4),(648,'专152路','05:30:00.000000','21:30:00.000000',2,1,1,'2020-04-27 20:00:13.193948',4),(649,'专153路','05:30:00.000000','21:30:00.000000',2,1,1,'2020-04-27 20:00:13.197948',4),(650,'专154路','05:30:00.000000','21:30:00.000000',2,1,1,'2020-04-27 20:00:13.199949',4),(651,'专155路','05:30:00.000000','21:30:00.000000',2,1,1,'2020-04-27 20:00:13.202949',4),(652,'专156路','05:30:00.000000','21:30:00.000000',2,1,1,'2020-04-27 20:00:13.205949',4),(653,'专157路','05:30:00.000000','21:30:00.000000',2,1,1,'2020-04-27 20:00:13.208949',4),(654,'专158路','05:30:00.000000','21:30:00.000000',2,1,1,'2020-04-27 20:00:13.211949',4),(655,'专159路','05:30:00.000000','21:30:00.000000',2,1,1,'2020-04-27 20:00:13.215949',4),(656,'专160路','05:30:00.000000','21:30:00.000000',2,1,1,'2020-04-27 20:00:13.218950',4),(657,'专161路','05:30:00.000000','21:30:00.000000',2,1,1,'2020-04-27 20:00:13.222950',4),(658,'专162路','05:30:00.000000','21:30:00.000000',2,1,1,'2020-04-27 20:00:13.224950',4),(659,'专163路','05:30:00.000000','21:30:00.000000',2,1,1,'2020-04-27 20:00:13.227950',4),(660,'专164路','05:30:00.000000','21:30:00.000000',2,1,1,'2020-04-27 20:00:13.231950',4),(661,'专165路','05:30:00.000000','21:30:00.000000',2,1,1,'2020-04-27 20:00:13.234951',4),(662,'专166路','05:30:00.000000','21:30:00.000000',2,1,1,'2020-04-27 20:00:13.237951',4),(663,'专167路','05:30:00.000000','21:30:00.000000',2,1,1,'2020-04-27 20:00:13.245951',4),(664,'专168路','05:30:00.000000','21:30:00.000000',2,1,1,'2020-04-27 20:00:13.248951',4),(665,'专169路','05:30:00.000000','21:30:00.000000',2,1,1,'2020-04-27 20:00:13.251951',4),(666,'专170路','05:30:00.000000','21:30:00.000000',2,1,1,'2020-04-27 20:00:13.254952',4),(667,'专171路','05:30:00.000000','21:30:00.000000',2,1,1,'2020-04-27 20:00:13.258952',4),(668,'专172路','05:30:00.000000','21:30:00.000000',2,1,1,'2020-04-27 20:00:13.262952',4),(669,'专173路','05:30:00.000000','21:30:00.000000',2,1,1,'2020-04-27 20:00:13.266952',4),(670,'专174路','05:30:00.000000','21:30:00.000000',2,1,1,'2020-04-27 20:00:13.269953',4),(671,'专175路','05:30:00.000000','21:30:00.000000',2,1,1,'2020-04-27 20:00:13.272953',4),(672,'专176路','05:30:00.000000','21:30:00.000000',2,1,1,'2020-04-27 20:00:13.275953',4),(673,'专177路','05:30:00.000000','21:30:00.000000',2,1,1,'2020-04-27 20:00:13.279953',4),(674,'专178路','05:30:00.000000','21:30:00.000000',2,1,1,'2020-04-27 20:00:13.281953',4),(675,'专179路','05:30:00.000000','21:30:00.000000',2,1,1,'2020-04-27 20:00:13.286953',4),(676,'专180路','05:30:00.000000','21:30:00.000000',2,1,1,'2020-04-27 20:00:13.289954',4),(677,'专181路','05:30:00.000000','21:30:00.000000',2,1,1,'2020-04-27 20:00:13.293954',4),(678,'专182路','05:30:00.000000','21:30:00.000000',2,1,1,'2020-04-27 20:00:13.297954',4),(679,'专183路','05:30:00.000000','21:30:00.000000',2,1,1,'2020-04-27 20:00:13.301954',4),(680,'专184路','05:30:00.000000','21:30:00.000000',2,1,1,'2020-04-27 20:00:13.305955',4),(681,'专185路','05:30:00.000000','21:30:00.000000',2,1,1,'2020-04-27 20:00:13.308955',4),(682,'专186路','05:30:00.000000','21:30:00.000000',2,1,1,'2020-04-27 20:00:13.311955',4),(683,'专187路','05:30:00.000000','21:30:00.000000',2,1,1,'2020-04-27 20:00:13.315955',4),(684,'专188路','05:30:00.000000','21:30:00.000000',2,1,1,'2020-04-27 20:00:13.319955',4),(685,'专189路','05:30:00.000000','21:30:00.000000',2,1,1,'2020-04-27 20:00:13.323956',4),(686,'专190路','05:30:00.000000','21:30:00.000000',2,1,1,'2020-04-27 20:00:13.326956',4),(687,'专191路','05:30:00.000000','21:30:00.000000',2,1,1,'2020-04-27 20:00:13.329956',4),(688,'专192路','05:30:00.000000','21:30:00.000000',2,1,1,'2020-04-27 20:00:13.332956',4),(689,'专193路','05:30:00.000000','21:30:00.000000',2,1,1,'2020-04-27 20:00:13.336956',4),(690,'专194路','05:30:00.000000','21:30:00.000000',2,1,1,'2020-04-27 20:00:13.338956',4),(691,'专195路','05:30:00.000000','21:30:00.000000',2,1,1,'2020-04-27 20:00:13.343957',4),(692,'专196路','05:30:00.000000','21:30:00.000000',2,1,1,'2020-04-27 20:00:13.346957',4),(693,'专197路','05:30:00.000000','21:30:00.000000',2,1,1,'2020-04-27 20:00:13.348957',4),(694,'专198路','05:30:00.000000','21:30:00.000000',2,1,1,'2020-04-27 20:00:13.351957',4),(695,'专199路','05:30:00.000000','21:30:00.000000',2,1,1,'2020-04-27 20:00:13.354957',4),(696,'专200路','05:30:00.000000','21:30:00.000000',2,1,1,'2020-04-27 20:00:13.358958',4),(697,'专201路','05:30:00.000000','21:30:00.000000',2,1,1,'2020-04-27 20:00:13.363958',4),(698,'专202路','05:30:00.000000','21:30:00.000000',2,1,1,'2020-04-27 20:00:13.367958',4),(699,'专203路','05:30:00.000000','21:30:00.000000',2,1,1,'2020-04-27 20:00:13.375959',4),(700,'专204路','05:30:00.000000','21:30:00.000000',2,1,1,'2020-04-27 20:00:13.381959',4),(701,'专205路','05:30:00.000000','21:30:00.000000',2,1,1,'2020-04-27 20:00:13.386959',4),(702,'专206路','05:30:00.000000','21:30:00.000000',2,1,1,'2020-04-27 20:00:13.390959',4),(703,'356通勤快车','05:30:00.000000','21:30:00.000000',2,1,1,'2020-04-27 20:00:13.394960',5),(704,'381通勤快车','05:30:00.000000','21:30:00.000000',2,1,1,'2020-04-27 20:00:13.398960',5),(705,'397通勤快车','05:30:00.000000','21:30:00.000000',2,1,1,'2020-04-27 20:00:13.407960',5),(706,'483通勤快车','05:30:00.000000','21:30:00.000000',2,1,1,'2020-04-27 20:00:13.411961',5),(707,'356通勤快车657~312联运','05:30:00.000000','21:30:00.000000',2,1,1,'2020-04-27 20:00:13.413961',5),(708,'676通勤快车','05:30:00.000000','21:30:00.000000',2,1,1,'2020-04-27 20:00:13.417961',5),(709,'679通勤快车','05:30:00.000000','21:30:00.000000',2,1,1,'2020-04-27 20:00:13.422961',5),(710,'通勤东湖港','05:30:00.000000','21:30:00.000000',2,1,1,'2020-04-27 20:00:13.426961',5),(711,'通勤向阳','05:30:00.000000','21:30:00.000000',2,1,1,'2020-04-27 20:00:13.431962',5),(712,'通勤柴厂屯','05:30:00.000000','21:30:00.000000',2,1,1,'2020-04-27 20:00:13.434962',5),(713,'通勤海子角','05:30:00.000000','21:30:00.000000',2,1,1,'2020-04-27 20:00:13.437962',5),(715,'快速直达专线1','05:30:00.000000','21:30:00.000000',2,1,1,'2020-04-27 20:01:40.568946',6),(716,'快速直达专线2','05:30:00.000000','21:30:00.000000',2,1,1,'2020-04-27 20:01:40.571946',6),(717,'快速直达专线3','05:30:00.000000','21:30:00.000000',2,1,1,'2020-04-27 20:01:40.574946',6),(718,'快速直达专线4','05:30:00.000000','21:30:00.000000',2,1,1,'2020-04-27 20:01:40.576946',6),(719,'快速直达专线5','05:30:00.000000','21:30:00.000000',2,1,1,'2020-04-27 20:01:40.580946',6),(720,'快速直达专线6','05:30:00.000000','21:30:00.000000',2,1,1,'2020-04-27 20:01:40.583947',6),(721,'快速直达专线7','05:30:00.000000','21:30:00.000000',2,1,1,'2020-04-27 20:01:40.585947',6),(722,'快速直达专线8','05:30:00.000000','21:30:00.000000',2,1,1,'2020-04-27 20:01:40.587947',6),(723,'快速直达专线9','05:30:00.000000','21:30:00.000000',2,1,1,'2020-04-27 20:01:40.590947',6),(724,'快速直达专线10','05:30:00.000000','21:30:00.000000',2,1,1,'2020-04-27 20:01:40.593947',6),(725,'快速直达专线11','05:30:00.000000','21:30:00.000000',2,1,1,'2020-04-27 20:01:40.596947',6),(726,'快速直达专线12','05:30:00.000000','21:30:00.000000',2,1,1,'2020-04-27 20:01:40.598947',6),(727,'快速直达专线13','05:30:00.000000','21:30:00.000000',2,1,1,'2020-04-27 20:01:40.602948',6),(728,'快速直达专线14','05:30:00.000000','21:30:00.000000',2,1,1,'2020-04-27 20:01:40.606948',6),(729,'快速直达专线15','05:30:00.000000','21:30:00.000000',2,1,1,'2020-04-27 20:01:40.609948',6),(730,'快速直达专线16','05:30:00.000000','21:30:00.000000',2,1,1,'2020-04-27 20:01:40.611948',6),(731,'快速直达专线17','05:30:00.000000','21:30:00.000000',2,1,1,'2020-04-27 20:01:40.614948',6),(732,'快速直达专线18','05:30:00.000000','21:30:00.000000',2,1,1,'2020-04-27 20:01:40.617949',6),(733,'快速直达专线19','05:30:00.000000','21:30:00.000000',2,1,1,'2020-04-27 20:01:40.622949',6),(734,'快速直达专线20','05:30:00.000000','21:30:00.000000',2,1,1,'2020-04-27 20:01:40.625949',6),(735,'快速直达专线21','05:30:00.000000','21:30:00.000000',2,1,1,'2020-04-27 20:01:40.628949',6),(736,'快速直达专线22','05:30:00.000000','21:30:00.000000',2,1,1,'2020-04-27 20:01:40.631949',6),(737,'快速直达专线23','05:30:00.000000','21:30:00.000000',2,1,1,'2020-04-27 20:01:40.635950',6),(738,'快速直达专线24','05:30:00.000000','21:30:00.000000',2,1,1,'2020-04-27 20:01:40.637950',6),(739,'快速直达专线25','05:30:00.000000','21:30:00.000000',2,1,1,'2020-04-27 20:01:40.641950',6),(740,'快速直达专线26','05:30:00.000000','21:30:00.000000',2,1,1,'2020-04-27 20:01:40.643950',6),(741,'快速直达专线27','05:30:00.000000','21:30:00.000000',2,1,1,'2020-04-27 20:01:40.646950',6),(742,'快速直达专线28','05:30:00.000000','21:30:00.000000',2,1,1,'2020-04-27 20:01:40.648950',6),(743,'快速直达专线29','05:30:00.000000','21:30:00.000000',2,1,1,'2020-04-27 20:01:40.651950',6),(744,'快速直达专线30','05:30:00.000000','21:30:00.000000',2,1,1,'2020-04-27 20:01:40.654951',6),(745,'快速直达专线31','05:30:00.000000','21:30:00.000000',2,1,1,'2020-04-27 20:01:40.656951',6),(746,'快速直达专线32','05:30:00.000000','21:30:00.000000',2,1,1,'2020-04-27 20:01:40.659951',6),(747,'快速直达专线33','05:30:00.000000','21:30:00.000000',2,1,1,'2020-04-27 20:01:40.663951',6),(748,'快速直达专线34','05:30:00.000000','21:30:00.000000',2,1,1,'2020-04-27 20:01:40.667951',6),(749,'快速直达专线35','05:30:00.000000','21:30:00.000000',2,1,1,'2020-04-27 20:01:40.670952',6),(750,'快速直达专线36','05:30:00.000000','21:30:00.000000',2,1,1,'2020-04-27 20:01:40.673952',6),(751,'快速直达专线37','05:30:00.000000','21:30:00.000000',2,1,1,'2020-04-27 20:01:40.675952',6),(752,'快速直达专线38','05:30:00.000000','21:30:00.000000',2,1,1,'2020-04-27 20:01:40.678952',6),(753,'快速直达专线39','05:30:00.000000','21:30:00.000000',2,1,1,'2020-04-27 20:01:40.682952',6),(754,'快速直达专线40','05:30:00.000000','21:30:00.000000',2,1,1,'2020-04-27 20:01:40.685952',6),(755,'快速直达专线41','05:30:00.000000','21:30:00.000000',2,1,1,'2020-04-27 20:01:40.687953',6),(756,'快速直达专线42','05:30:00.000000','21:30:00.000000',2,1,1,'2020-04-27 20:01:40.690953',6),(757,'快速直达专线43','05:30:00.000000','21:30:00.000000',2,1,1,'2020-04-27 20:01:40.693953',6),(758,'快速直达专线44','05:30:00.000000','21:30:00.000000',2,1,1,'2020-04-27 20:01:40.695953',6),(759,'快速直达专线45','05:30:00.000000','21:30:00.000000',2,1,1,'2020-04-27 20:01:40.699953',6),(760,'快速直达专线46','05:30:00.000000','21:30:00.000000',2,1,1,'2020-04-27 20:01:40.702953',6),(761,'快速直达专线47','05:30:00.000000','21:30:00.000000',2,1,1,'2020-04-27 20:01:40.704954',6),(762,'快速直达专线48','05:30:00.000000','21:30:00.000000',2,1,1,'2020-04-27 20:01:40.707954',6),(763,'快速直达专线49','05:30:00.000000','21:30:00.000000',2,1,1,'2020-04-27 20:01:40.709954',6),(764,'快速直达专线50','05:30:00.000000','21:30:00.000000',2,1,1,'2020-04-27 20:01:40.712954',6),(765,'快速直达专线51','05:30:00.000000','21:30:00.000000',2,1,1,'2020-04-27 20:01:40.715954',6),(766,'快速直达专线52','05:30:00.000000','21:30:00.000000',2,1,1,'2020-04-27 20:01:40.717954',6),(767,'快速直达专线53','05:30:00.000000','21:30:00.000000',2,1,1,'2020-04-27 20:01:40.721954',6),(768,'快速直达专线54','05:30:00.000000','21:30:00.000000',2,1,1,'2020-04-27 20:01:40.724955',6),(769,'快速直达专线55','05:30:00.000000','21:30:00.000000',2,1,1,'2020-04-27 20:01:40.727955',6),(770,'快速直达专线56','05:30:00.000000','21:30:00.000000',2,1,1,'2020-04-27 20:01:40.730955',6),(771,'快速直达专线57','05:30:00.000000','21:30:00.000000',2,1,1,'2020-04-27 20:01:40.733955',6),(772,'快速直达专线58','05:30:00.000000','21:30:00.000000',2,1,1,'2020-04-27 20:01:40.736955',6),(773,'快速直达专线59','05:30:00.000000','21:30:00.000000',2,1,1,'2020-04-27 20:01:40.738955',6),(774,'快速直达专线60','05:30:00.000000','21:30:00.000000',2,1,1,'2020-04-27 20:01:40.742956',6),(775,'快速直达专线61','05:30:00.000000','21:30:00.000000',2,1,1,'2020-04-27 20:01:40.745956',6),(776,'快速直达专线62','05:30:00.000000','21:30:00.000000',2,1,1,'2020-04-27 20:01:40.747956',6),(777,'快速直达专线63','05:30:00.000000','21:30:00.000000',2,1,1,'2020-04-27 20:01:40.750956',6),(778,'快速直达专线64','05:30:00.000000','21:30:00.000000',2,1,1,'2020-04-27 20:01:40.752956',6),(779,'快速直达专线65','05:30:00.000000','21:30:00.000000',2,1,1,'2020-04-27 20:01:40.755956',6),(780,'快速直达专线66','05:30:00.000000','21:30:00.000000',2,1,1,'2020-04-27 20:01:40.760957',6),(781,'快速直达专线67','05:30:00.000000','21:30:00.000000',2,1,1,'2020-04-27 20:01:40.763957',6),(782,'快速直达专线68','05:30:00.000000','21:30:00.000000',2,1,1,'2020-04-27 20:01:40.766957',6),(783,'快速直达专线69','05:30:00.000000','21:30:00.000000',2,1,1,'2020-04-27 20:01:40.775958',6),(784,'快速直达专线70','05:30:00.000000','21:30:00.000000',2,1,1,'2020-04-27 20:01:40.778958',6),(785,'快速直达专线71','05:30:00.000000','21:30:00.000000',2,1,1,'2020-04-27 20:01:40.782958',6),(786,'快速直达专线72','05:30:00.000000','21:30:00.000000',2,1,1,'2020-04-27 20:01:40.786958',6),(787,'快速直达专线73','05:30:00.000000','21:30:00.000000',2,1,1,'2020-04-27 20:01:40.790958',6),(788,'快速直达专线74','05:30:00.000000','21:30:00.000000',2,1,1,'2020-04-27 20:01:40.792959',6),(789,'快速直达专线75','05:30:00.000000','21:30:00.000000',2,1,1,'2020-04-27 20:01:40.795959',6),(790,'快速直达专线76','05:30:00.000000','21:30:00.000000',2,1,1,'2020-04-27 20:01:40.799959',6),(791,'快速直达专线77','05:30:00.000000','21:30:00.000000',2,1,1,'2020-04-27 20:01:40.804959',6),(792,'快速直达专线78','05:30:00.000000','21:30:00.000000',2,1,1,'2020-04-27 20:01:40.806959',6),(793,'快速直达专线79','05:30:00.000000','21:30:00.000000',2,1,1,'2020-04-27 20:01:40.810960',6),(794,'快速直达专线80','05:30:00.000000','21:30:00.000000',2,1,1,'2020-04-27 20:01:40.812960',6),(795,'快速直达专线81','05:30:00.000000','21:30:00.000000',2,1,1,'2020-04-27 20:01:40.815960',6),(796,'快速直达专线82','05:30:00.000000','21:30:00.000000',2,1,1,'2020-04-27 20:01:40.821960',6),(797,'快速直达专线83','05:30:00.000000','21:30:00.000000',2,1,1,'2020-04-27 20:01:40.825960',6),(798,'快速直达专线84','05:30:00.000000','21:30:00.000000',2,1,1,'2020-04-27 20:01:40.828961',6),(799,'快速直达专线85','05:30:00.000000','21:30:00.000000',2,1,1,'2020-04-27 20:01:40.832961',6),(800,'快速直达专线86','05:30:00.000000','21:30:00.000000',2,1,1,'2020-04-27 20:01:40.835961',6),(801,'快速直达专线87','05:30:00.000000','21:30:00.000000',2,1,1,'2020-04-27 20:01:40.841961',6),(802,'快速直达专线88','05:30:00.000000','21:30:00.000000',2,1,1,'2020-04-27 20:01:40.844962',6),(803,'快速直达专线89','05:30:00.000000','21:30:00.000000',2,1,1,'2020-04-27 20:01:40.847962',6),(804,'快速直达专线90','05:30:00.000000','21:30:00.000000',2,1,1,'2020-04-27 20:01:40.849962',6),(805,'快速直达专线91','05:30:00.000000','21:30:00.000000',2,1,1,'2020-04-27 20:01:40.852962',6),(806,'快速直达专线92','05:30:00.000000','21:30:00.000000',2,1,1,'2020-04-27 20:01:40.856962',6),(807,'快速直达专线93','05:30:00.000000','21:30:00.000000',2,1,1,'2020-04-27 20:01:40.859962',6),(808,'快速直达专线94','05:30:00.000000','21:30:00.000000',2,1,1,'2020-04-27 20:01:40.863963',6),(809,'快速直达专线95','05:30:00.000000','21:30:00.000000',2,1,1,'2020-04-27 20:01:40.865963',6),(810,'快速直达专线96','05:30:00.000000','21:30:00.000000',2,1,1,'2020-04-27 20:01:40.868963',6),(811,'快速直达专线97','05:30:00.000000','21:30:00.000000',2,1,1,'2020-04-27 20:01:40.872963',6),(812,'快速直达专线98','05:30:00.000000','21:30:00.000000',2,1,1,'2020-04-27 20:01:40.875963',6),(813,'快速直达专线99','05:30:00.000000','21:30:00.000000',2,1,1,'2020-04-27 20:01:40.877963',6),(814,'快速直达专线100','05:30:00.000000','21:30:00.000000',2,1,1,'2020-04-27 20:01:40.881964',6),(815,'快速直达专线101','05:30:00.000000','21:30:00.000000',2,1,1,'2020-04-27 20:01:40.887964',6),(816,'快速直达专线102','05:30:00.000000','21:30:00.000000',2,1,1,'2020-04-27 20:01:40.890964',6),(817,'快速直达专线103','05:30:00.000000','21:30:00.000000',2,1,1,'2020-04-27 20:01:40.893964',6),(818,'快速直达专线104','05:30:00.000000','21:30:00.000000',2,1,1,'2020-04-27 20:01:40.896964',6),(819,'快速直达专线105','05:30:00.000000','21:30:00.000000',2,1,1,'2020-04-27 20:01:40.900965',6),(820,'快速直达专线106','05:30:00.000000','21:30:00.000000',2,1,1,'2020-04-27 20:01:40.904965',6),(821,'快速直达专线107','05:30:00.000000','21:30:00.000000',2,1,1,'2020-04-27 20:01:40.907965',6),(822,'快速直达专线108','05:30:00.000000','21:30:00.000000',2,1,1,'2020-04-27 20:01:40.909965',6),(823,'快速直达专线109','05:30:00.000000','21:30:00.000000',2,1,1,'2020-04-27 20:01:40.911965',6),(824,'快速直达专线110','05:30:00.000000','21:30:00.000000',2,1,1,'2020-04-27 20:01:40.916966',6),(825,'快速直达专线111','05:30:00.000000','21:30:00.000000',2,1,1,'2020-04-27 20:01:40.920966',6),(826,'快速直达专线112','05:30:00.000000','21:30:00.000000',2,1,1,'2020-04-27 20:01:40.925966',6),(827,'快速直达专线113','05:30:00.000000','21:30:00.000000',2,1,1,'2020-04-27 20:01:40.928966',6),(828,'快速直达专线114','05:30:00.000000','21:30:00.000000',2,1,1,'2020-04-27 20:01:40.932967',6),(829,'快速直达专线115','05:30:00.000000','21:30:00.000000',2,1,1,'2020-04-27 20:01:40.934967',6),(830,'快速直达专线116','05:30:00.000000','21:30:00.000000',2,1,1,'2020-04-27 20:01:40.937967',6),(831,'快速直达专线117','05:30:00.000000','21:30:00.000000',2,1,1,'2020-04-27 20:01:40.941967',6),(832,'快速直达专线118','05:30:00.000000','21:30:00.000000',2,1,1,'2020-04-27 20:01:40.944967',6),(833,'快速直达专线119','05:30:00.000000','21:30:00.000000',2,1,1,'2020-04-27 20:01:40.949968',6),(834,'快速直达专线120','05:30:00.000000','21:30:00.000000',2,1,1,'2020-04-27 20:01:40.954968',6),(835,'快速直达专线121','05:30:00.000000','21:30:00.000000',2,1,1,'2020-04-27 20:01:40.958968',6),(836,'快速直达专线122','05:30:00.000000','21:30:00.000000',2,1,1,'2020-04-27 20:01:40.962968',6),(837,'快速直达专线123','05:30:00.000000','21:30:00.000000',2,1,1,'2020-04-27 20:01:40.965968',6),(838,'快速直达专线124','05:30:00.000000','21:30:00.000000',2,1,1,'2020-04-27 20:01:40.968969',6),(839,'快速直达专线125','05:30:00.000000','21:30:00.000000',2,1,1,'2020-04-27 20:01:40.971969',6),(840,'快速直达专线126','05:30:00.000000','21:30:00.000000',2,1,1,'2020-04-27 20:01:40.973969',6),(841,'快速直达专线127','05:30:00.000000','21:30:00.000000',2,1,1,'2020-04-27 20:01:40.975969',6),(842,'快速直达专线128','05:30:00.000000','21:30:00.000000',2,1,1,'2020-04-27 20:01:40.978969',6),(843,'快速直达专线129','05:30:00.000000','21:30:00.000000',2,1,1,'2020-04-27 20:01:40.981969',6),(844,'快速直达专线130','05:30:00.000000','21:30:00.000000',2,1,1,'2020-04-27 20:01:40.985970',6),(845,'快速直达专线131','05:30:00.000000','21:30:00.000000',2,1,1,'2020-04-27 20:01:40.987970',6),(846,'快速直达专线132','05:30:00.000000','21:30:00.000000',2,1,1,'2020-04-27 20:01:40.989970',6),(847,'快速直达专线133','05:30:00.000000','21:30:00.000000',2,1,1,'2020-04-27 20:01:40.992970',6),(848,'快速直达专线134','05:30:00.000000','21:30:00.000000',2,1,1,'2020-04-27 20:01:40.995970',6),(849,'快速直达专线135','05:30:00.000000','21:30:00.000000',2,1,1,'2020-04-27 20:01:40.998970',6),(850,'快速直达专线136','05:30:00.000000','21:30:00.000000',2,1,1,'2020-04-27 20:01:41.001971',6),(851,'快速直达专线137','05:30:00.000000','21:30:00.000000',2,1,1,'2020-04-27 20:01:41.003971',6),(852,'快速直达专线138','05:30:00.000000','21:30:00.000000',2,1,1,'2020-04-27 20:01:41.006971',6),(853,'快速直达专线139','05:30:00.000000','21:30:00.000000',2,1,1,'2020-04-27 20:01:41.008971',6),(854,'快速直达专线140','05:30:00.000000','21:30:00.000000',2,1,1,'2020-04-27 20:01:41.011971',6),(855,'快速直达专线141','05:30:00.000000','21:30:00.000000',2,1,1,'2020-04-27 20:01:41.013971',6),(856,'快速直达专线142','05:30:00.000000','21:30:00.000000',2,1,1,'2020-04-27 20:01:41.015971',6),(857,'快速直达专线143','05:30:00.000000','21:30:00.000000',2,1,1,'2020-04-27 20:01:41.018971',6),(858,'快速直达专线144','05:30:00.000000','21:30:00.000000',2,1,1,'2020-04-27 20:01:41.021972',6),(859,'快速直达专线145','05:30:00.000000','21:30:00.000000',2,1,1,'2020-04-27 20:01:41.024972',6),(860,'快速直达专线146','05:30:00.000000','21:30:00.000000',2,1,1,'2020-04-27 20:01:41.026972',6),(861,'快速直达专线147','05:30:00.000000','21:30:00.000000',2,1,1,'2020-04-27 20:01:41.028972',6),(862,'快速直达专线148','05:30:00.000000','21:30:00.000000',2,1,1,'2020-04-27 20:01:41.031972',6),(863,'快速直达专线149','05:30:00.000000','21:30:00.000000',2,1,1,'2020-04-27 20:01:41.033972',6),(864,'快速直达专线150','05:30:00.000000','21:30:00.000000',2,1,1,'2020-04-27 20:01:41.035972',6),(865,'快速直达专线151','05:30:00.000000','21:30:00.000000',2,1,1,'2020-04-27 20:01:41.037973',6),(866,'快速直达专线152','05:30:00.000000','21:30:00.000000',2,1,1,'2020-04-27 20:01:41.040973',6),(867,'快速直达专线153','05:30:00.000000','21:30:00.000000',2,1,1,'2020-04-27 20:01:41.042973',6),(868,'快速直达专线154','05:30:00.000000','21:30:00.000000',2,1,1,'2020-04-27 20:01:41.046973',6),(869,'快速直达专线155','05:30:00.000000','21:30:00.000000',2,1,1,'2020-04-27 20:01:41.049973',6),(870,'快速直达专线156','05:30:00.000000','21:30:00.000000',2,1,1,'2020-04-27 20:01:41.051973',6),(871,'快速直达专线157','05:30:00.000000','21:30:00.000000',2,1,1,'2020-04-27 20:01:41.054974',6),(872,'快速直达专线158','05:30:00.000000','21:30:00.000000',2,1,1,'2020-04-27 20:01:41.056974',6),(873,'快速直达专线159','05:30:00.000000','21:30:00.000000',2,1,1,'2020-04-27 20:01:41.059974',6),(874,'快速直达专线160','05:30:00.000000','21:30:00.000000',2,1,1,'2020-04-27 20:01:41.061974',6),(875,'快速直达专线161','05:30:00.000000','21:30:00.000000',2,1,1,'2020-04-27 20:01:41.064974',6),(876,'快速直达专线162','05:30:00.000000','21:30:00.000000',2,1,1,'2020-04-27 20:01:41.066974',6),(877,'快速直达专线163','05:30:00.000000','21:30:00.000000',2,1,1,'2020-04-27 20:01:41.069974',6),(878,'快速直达专线164','05:30:00.000000','21:30:00.000000',2,1,1,'2020-04-27 20:01:41.072975',6),(879,'快速直达专线165','05:30:00.000000','21:30:00.000000',2,1,1,'2020-04-27 20:01:41.074975',6),(880,'快速直达专线166','05:30:00.000000','21:30:00.000000',2,1,1,'2020-04-27 20:01:41.078975',6),(881,'快速直达专线167','05:30:00.000000','21:30:00.000000',2,1,1,'2020-04-27 20:01:41.081975',6),(882,'快速直达专线168','05:30:00.000000','21:30:00.000000',2,1,1,'2020-04-27 20:01:41.083975',6),(883,'快速直达专线169','05:30:00.000000','21:30:00.000000',2,1,1,'2020-04-27 20:01:41.085975',6),(884,'快速直达专线170','05:30:00.000000','21:30:00.000000',2,1,1,'2020-04-27 20:01:41.087975',6),(885,'快速直达专线171','05:30:00.000000','21:30:00.000000',2,1,1,'2020-04-27 20:01:41.089976',6),(886,'快速直达专线172','05:30:00.000000','21:30:00.000000',2,1,1,'2020-04-27 20:01:41.091976',6),(887,'快速直达专线173','05:30:00.000000','21:30:00.000000',2,1,1,'2020-04-27 20:01:41.094976',6),(888,'快速直达专线174','05:30:00.000000','21:30:00.000000',2,1,1,'2020-04-27 20:01:41.096976',6),(889,'快速直达专线175','05:30:00.000000','21:30:00.000000',2,1,1,'2020-04-27 20:01:41.098976',6),(890,'快速直达专线176','05:30:00.000000','21:30:00.000000',2,1,1,'2020-04-27 20:01:41.101976',6),(891,'快速直达专线177','05:30:00.000000','21:30:00.000000',2,1,1,'2020-04-27 20:01:41.105976',6),(892,'快速直达专线178','05:30:00.000000','21:30:00.000000',2,1,1,'2020-04-27 20:01:41.108977',6),(893,'快速直达专线179','05:30:00.000000','21:30:00.000000',2,1,1,'2020-04-27 20:01:41.111977',6),(894,'快速直达专线180','05:30:00.000000','21:30:00.000000',2,1,1,'2020-04-27 20:01:41.113977',6),(895,'快速直达专线181','05:30:00.000000','21:30:00.000000',2,1,1,'2020-04-27 20:01:41.115977',6),(896,'快速直达专线182','05:30:00.000000','21:30:00.000000',2,1,1,'2020-04-27 20:01:41.117977',6),(897,'快速直达专线183','05:30:00.000000','21:30:00.000000',2,1,1,'2020-04-27 20:01:41.121977',6),(898,'快速直达专线184','05:30:00.000000','21:30:00.000000',2,1,1,'2020-04-27 20:01:41.123977',6),(899,'快速直达专线185','05:30:00.000000','21:30:00.000000',2,1,1,'2020-04-27 20:01:41.125978',6),(900,'快速直达专线186','05:30:00.000000','21:30:00.000000',2,1,1,'2020-04-27 20:01:41.128978',6),(901,'快速直达专线187','05:30:00.000000','21:30:00.000000',2,1,1,'2020-04-27 20:01:41.130978',6),(902,'快速直达专线188','05:30:00.000000','21:30:00.000000',2,1,1,'2020-04-27 20:01:41.133978',6),(903,'快速直达专线189','05:30:00.000000','21:30:00.000000',2,1,1,'2020-04-27 20:01:41.135978',6),(904,'快速直达专线190','05:30:00.000000','21:30:00.000000',2,1,1,'2020-04-27 20:01:41.138978',6),(905,'快速直达专线191','05:30:00.000000','21:30:00.000000',2,1,1,'2020-04-27 20:01:41.141979',6),(906,'快速直达专线192','05:30:00.000000','21:30:00.000000',2,1,1,'2020-04-27 20:01:41.143979',6),(907,'快速直达专线193','05:30:00.000000','21:30:00.000000',2,1,1,'2020-04-27 20:01:41.145979',6),(908,'快速直达专线194','05:30:00.000000','21:30:00.000000',2,1,1,'2020-04-27 20:01:41.147979',6),(909,'快速直达专线195','05:30:00.000000','21:30:00.000000',2,1,1,'2020-04-27 20:01:41.150979',6),(910,'快速直达专线196','05:30:00.000000','21:30:00.000000',2,1,1,'2020-04-27 20:01:41.152979',6),(911,'快速直达专线197','05:30:00.000000','21:30:00.000000',2,1,1,'2020-04-27 20:01:41.154979',6),(912,'快速直达专线198','05:30:00.000000','21:30:00.000000',2,1,1,'2020-04-27 20:01:41.157979',6),(913,'快速直达专线199','05:30:00.000000','21:30:00.000000',2,1,1,'2020-04-27 20:01:41.159980',6),(914,'快速直达专线200','05:30:00.000000','21:30:00.000000',2,1,1,'2020-04-27 20:01:41.161980',6),(915,'快速直达专线201','05:30:00.000000','21:30:00.000000',2,1,1,'2020-04-27 20:01:41.164980',6),(916,'快速直达专线202','05:30:00.000000','21:30:00.000000',2,1,1,'2020-04-27 20:01:41.167980',6),(917,'快速直达专线203','05:30:00.000000','21:30:00.000000',2,1,1,'2020-04-27 20:01:41.170980',6),(918,'快速直达专线204','05:30:00.000000','21:30:00.000000',2,1,1,'2020-04-27 20:01:41.173980',6),(919,'快速直达专线205','05:30:00.000000','21:30:00.000000',2,1,1,'2020-04-27 20:01:41.175980',6),(920,'快速直达专线206','05:30:00.000000','21:30:00.000000',2,1,1,'2020-04-27 20:01:41.177981',6),(921,'快速直达专线207','05:30:00.000000','21:30:00.000000',2,1,1,'2020-04-27 20:01:41.180981',6),(922,'快速直达专线208','05:30:00.000000','21:30:00.000000',2,1,1,'2020-04-27 20:01:41.182981',6),(923,'快速直达专线209','05:30:00.000000','21:30:00.000000',2,1,1,'2020-04-27 20:01:41.185981',6),(924,'快速直达专线210','05:30:00.000000','21:30:00.000000',2,1,1,'2020-04-27 20:01:41.187981',6),(925,'快速直达专线211','05:30:00.000000','21:30:00.000000',2,1,1,'2020-04-27 20:01:41.189981',6),(926,'快速直达专线212','05:30:00.000000','21:30:00.000000',2,1,1,'2020-04-27 20:01:41.191981',6),(927,'快速直达专线213','05:30:00.000000','21:30:00.000000',2,1,1,'2020-04-27 20:01:41.193981',6),(928,'快速直达专线214','05:30:00.000000','21:30:00.000000',2,1,1,'2020-04-27 20:01:41.196982',6),(929,'快速直达专线215','05:30:00.000000','21:30:00.000000',2,1,1,'2020-04-27 20:01:41.199982',6),(930,'快速直达专线216','05:30:00.000000','21:30:00.000000',2,1,1,'2020-04-27 20:01:41.202982',6),(931,'快速直达专线217','05:30:00.000000','21:30:00.000000',2,1,1,'2020-04-27 20:01:41.204982',6),(932,'快速直达专线218','05:30:00.000000','21:30:00.000000',2,1,1,'2020-04-27 20:01:41.207982',6);
/*!40000 ALTER TABLE `home_bus` ENABLE KEYS */;
UNLOCK TABLES;

--
-- Table structure for table `home_bushistory`
--

DROP TABLE IF EXISTS `home_bushistory`;
/*!40101 SET @saved_cs_client     = @@character_set_client */;
/*!40101 SET character_set_client = utf8 */;
CREATE TABLE `home_bushistory` (
  `id` int(11) NOT NULL AUTO_INCREMENT,
  `count` int(11) NOT NULL,
  `bus_id` int(11) NOT NULL,
  `user_id` int(11) NOT NULL,
  PRIMARY KEY (`id`),
  KEY `home_bushistory_bus_id_6f14cb21_fk_home_bus_id` (`bus_id`),
  KEY `home_bushistory_user_id_a398d3fe_fk_home_user_id` (`user_id`),
  CONSTRAINT `home_bushistory_bus_id_6f14cb21_fk_home_bus_id` FOREIGN KEY (`bus_id`) REFERENCES `home_bus` (`id`),
  CONSTRAINT `home_bushistory_user_id_a398d3fe_fk_home_user_id` FOREIGN KEY (`user_id`) REFERENCES `home_user` (`id`)
) ENGINE=InnoDB AUTO_INCREMENT=8 DEFAULT CHARSET=utf8;
/*!40101 SET character_set_client = @saved_cs_client */;

--
-- Dumping data for table `home_bushistory`
--

LOCK TABLES `home_bushistory` WRITE;
/*!40000 ALTER TABLE `home_bushistory` DISABLE KEYS */;
INSERT INTO `home_bushistory` VALUES (1,9,1,1),(2,4,139,1),(3,3,20,1),(4,15,18,1),(5,1,10,1),(6,1,3,1),(7,1,9,1);
/*!40000 ALTER TABLE `home_bushistory` ENABLE KEYS */;
UNLOCK TABLES;

--
-- Table structure for table `home_bussite`
--

DROP TABLE IF EXISTS `home_bussite`;
/*!40101 SET @saved_cs_client     = @@character_set_client */;
/*!40101 SET character_set_client = utf8 */;
CREATE TABLE `home_bussite` (
  `id` int(11) NOT NULL AUTO_INCREMENT,
  `level` int(11) NOT NULL,
  `station_time` int(11) NOT NULL,
  `bus_id` int(11) NOT NULL,
  `site_id` int(11) NOT NULL,
  PRIMARY KEY (`id`),
  KEY `home_bussite_site_id_32d5b4e4_fk_home_site_id` (`site_id`),
  KEY `home_bussite_bus_id_f3aeb45f` (`bus_id`),
  CONSTRAINT `home_bussite_bus_id_f3aeb45f_fk_home_bus_id` FOREIGN KEY (`bus_id`) REFERENCES `home_bus` (`id`),
  CONSTRAINT `home_bussite_site_id_32d5b4e4_fk_home_site_id` FOREIGN KEY (`site_id`) REFERENCES `home_site` (`id`)
) ENGINE=InnoDB AUTO_INCREMENT=9968 DEFAULT CHARSET=utf8;
/*!40101 SET character_set_client = @saved_cs_client */;

--
-- Dumping data for table `home_bussite`
--

LOCK TABLES `home_bussite` WRITE;
/*!40000 ALTER TABLE `home_bussite` DISABLE KEYS */;
INSERT INTO `home_bussite` VALUES (9568,0,8,1,12),(9569,1,7,1,63),(9570,2,7,1,51),(9571,3,3,1,133),(9572,4,4,1,190),(9573,5,3,1,175),(9574,6,9,1,222),(9575,7,4,1,11),(9576,8,10,1,181),(9577,9,10,1,174),(9578,10,3,1,144),(9579,11,4,1,223),(9580,12,6,1,186),(9581,13,3,1,58),(9582,14,7,1,121),(9583,15,3,1,183),(9584,16,6,1,38),(9585,17,4,1,103),(9586,18,9,1,74),(9587,19,6,1,225),(9588,0,5,2,207),(9589,1,9,2,219),(9590,2,7,2,125),(9591,3,8,2,154),(9592,4,10,2,82),(9593,5,10,2,6),(9594,6,7,2,132),(9595,7,4,2,229),(9596,8,5,2,232),(9597,9,4,2,160),(9598,10,10,2,9),(9599,11,5,2,42),(9600,12,7,2,221),(9601,13,9,2,158),(9602,14,6,2,212),(9603,15,8,2,45),(9604,16,7,2,201),(9605,17,6,2,183),(9606,18,4,2,40),(9607,19,10,2,69),(9608,0,3,3,5),(9609,1,10,3,188),(9610,2,7,3,119),(9611,3,10,3,99),(9612,4,6,3,192),(9613,5,8,3,49),(9614,6,7,3,60),(9615,7,9,3,17),(9616,8,10,3,73),(9617,9,10,3,16),(9618,10,6,3,233),(9619,11,7,3,59),(9620,12,4,3,13),(9621,13,6,3,198),(9622,14,7,3,157),(9623,15,4,3,65),(9624,16,5,3,8),(9625,17,10,3,185),(9626,18,5,3,100),(9627,19,8,3,208),(9628,0,8,4,132),(9629,1,6,4,119),(9630,2,8,4,45),(9631,3,6,4,74),(9632,4,5,4,7),(9633,5,3,4,76),(9634,6,5,4,202),(9635,7,4,4,14),(9636,8,9,4,217),(9637,9,7,4,227),(9638,10,7,4,116),(9639,11,3,4,172),(9640,12,9,4,47),(9641,13,7,4,19),(9642,14,5,4,88),(9643,15,7,4,39),(9644,16,5,4,143),(9645,17,4,4,181),(9646,18,5,4,133),(9647,19,8,4,222),(9648,0,4,5,42),(9649,1,6,5,124),(9650,2,8,5,46),(9651,3,5,5,196),(9652,4,4,5,188),(9653,5,8,5,231),(9654,6,6,5,80),(9655,7,7,5,194),(9656,8,9,5,191),(9657,9,9,5,100),(9658,10,6,5,103),(9659,11,3,5,204),(9660,12,8,5,39),(9661,13,7,5,179),(9662,14,8,5,146),(9663,15,7,5,201),(9664,16,8,5,41),(9665,17,9,5,190),(9666,18,3,5,176),(9667,19,7,5,3),(9668,0,5,6,179),(9669,1,10,6,148),(9670,2,10,6,191),(9671,3,3,6,74),(9672,4,7,6,61),(9673,5,5,6,73),(9674,6,4,6,125),(9675,7,5,6,57),(9676,8,10,6,112),(9677,9,6,6,174),(9678,10,9,6,189),(9679,11,8,6,233),(9680,12,3,6,203),(9681,13,7,6,164),(9682,14,10,6,222),(9683,15,3,6,113),(9684,16,5,6,227),(9685,17,10,6,94),(9686,18,8,6,54),(9687,19,5,6,16),(9688,0,9,7,191),(9689,1,5,7,170),(9690,2,4,7,149),(9691,3,9,7,188),(9692,4,3,7,231),(9693,5,4,7,202),(9694,6,5,7,117),(9695,7,4,7,122),(9696,8,9,7,165),(9697,9,5,7,15),(9698,10,8,7,100),(9699,11,4,7,186),(9700,12,8,7,194),(9701,13,4,7,65),(9702,14,7,7,127),(9703,15,8,7,210),(9704,16,6,7,223),(9705,17,7,7,211),(9706,18,3,7,70),(9707,19,9,7,108),(9708,0,7,8,230),(9709,1,10,8,16),(9710,2,6,8,87),(9711,3,3,8,48),(9712,4,4,8,175),(9713,5,8,8,121),(9714,6,8,8,132),(9715,7,8,8,112),(9716,8,9,8,157),(9717,9,8,8,104),(9718,10,5,8,130),(9719,11,8,8,228),(9720,12,4,8,219),(9721,13,10,8,231),(9722,14,8,8,102),(9723,15,8,8,3),(9724,16,5,8,89),(9725,17,3,8,195),(9726,18,3,8,181),(9727,19,6,8,63),(9728,0,10,9,9),(9729,1,7,9,177),(9730,2,4,9,20),(9731,3,6,9,133),(9732,4,6,9,118),(9733,5,8,9,138),(9734,6,5,9,53),(9735,7,4,9,69),(9736,8,7,9,225),(9737,9,10,9,140),(9738,10,9,9,21),(9739,11,8,9,222),(9740,12,3,9,2),(9741,13,7,9,232),(9742,14,4,9,150),(9743,15,7,9,213),(9744,16,3,9,66),(9745,17,3,9,127),(9746,18,4,9,1),(9747,19,5,9,103),(9748,0,8,10,65),(9749,1,4,10,150),(9750,2,9,10,119),(9751,3,4,10,118),(9752,4,6,10,219),(9753,5,5,10,183),(9754,6,7,10,7),(9755,7,4,10,112),(9756,8,6,10,110),(9757,9,9,10,60),(9758,10,3,10,211),(9759,11,3,10,98),(9760,12,7,10,11),(9761,13,4,10,46),(9762,14,9,10,218),(9763,15,9,10,94),(9764,16,7,10,72),(9765,17,5,10,214),(9766,18,7,10,154),(9767,19,5,10,199),(9768,0,3,11,154),(9769,1,9,11,193),(9770,2,6,11,112),(9771,3,9,11,214),(9772,4,3,11,149),(9773,5,5,11,170),(9774,6,7,11,122),(9775,7,4,11,151),(9776,8,3,11,213),(9777,9,5,11,163),(9778,10,7,11,124),(9779,11,10,11,16),(9780,12,5,11,82),(9781,13,3,11,197),(9782,14,7,11,97),(9783,15,5,11,190),(9784,16,6,11,175),(9785,17,5,11,227),(9786,18,8,11,127),(9787,19,10,11,125),(9788,0,6,12,9),(9789,1,10,12,34),(9790,2,5,12,200),(9791,3,10,12,10),(9792,4,10,12,50),(9793,5,7,12,141),(9794,6,9,12,146),(9795,7,9,12,22),(9796,8,3,12,13),(9797,9,7,12,126),(9798,10,8,12,143),(9799,11,8,12,38),(9800,12,7,12,21),(9801,13,5,12,55),(9802,14,6,12,187),(9803,15,7,12,128),(9804,16,6,12,17),(9805,17,10,12,14),(9806,18,5,12,87),(9807,19,5,12,101),(9808,0,5,13,116),(9809,1,9,13,177),(9810,2,5,13,59),(9811,3,10,13,222),(9812,4,6,13,165),(9813,5,5,13,86),(9814,6,6,13,13),(9815,7,6,13,113),(9816,8,6,13,40),(9817,9,3,13,221),(9818,10,5,13,214),(9819,11,9,13,109),(9820,12,8,13,182),(9821,13,5,13,100),(9822,14,3,13,112),(9823,15,8,13,66),(9824,16,5,13,69),(9825,17,3,13,188),(9826,18,5,13,183),(9827,19,9,13,179),(9828,0,3,14,38),(9829,1,4,14,71),(9830,2,9,14,145),(9831,3,6,14,76),(9832,4,5,14,109),(9833,5,7,14,111),(9834,6,7,14,12),(9835,7,10,14,68),(9836,8,7,14,120),(9837,9,8,14,16),(9838,10,5,14,41),(9839,11,5,14,218),(9840,12,5,14,121),(9841,13,9,14,229),(9842,14,7,14,168),(9843,15,7,14,182),(9844,16,3,14,160),(9845,17,8,14,175),(9846,18,4,14,34),(9847,19,5,14,220),(9848,0,6,15,62),(9849,1,6,15,79),(9850,2,6,15,54),(9851,3,7,15,21),(9852,4,4,15,170),(9853,5,9,15,134),(9854,6,3,15,137),(9855,7,3,15,216),(9856,8,4,15,83),(9857,9,9,15,59),(9858,10,9,15,186),(9859,11,3,15,167),(9860,12,3,15,61),(9861,13,10,15,97),(9862,14,5,15,57),(9863,15,7,15,205),(9864,16,3,15,192),(9865,17,5,15,75),(9866,18,4,15,209),(9867,19,7,15,71),(9868,0,7,16,94),(9869,1,6,16,165),(9870,2,7,16,131),(9871,3,3,16,9),(9872,4,5,16,141),(9873,5,4,16,126),(9874,6,4,16,149),(9875,7,3,16,144),(9876,8,4,16,156),(9877,9,7,16,177),(9878,10,7,16,85),(9879,11,3,16,128),(9880,12,8,16,62),(9881,13,9,16,187),(9882,14,3,16,40),(9883,15,5,16,175),(9884,16,4,16,47),(9885,17,8,16,58),(9886,18,4,16,16),(9887,19,5,16,106),(9888,0,8,17,186),(9889,1,8,17,204),(9890,2,6,17,16),(9891,3,7,17,169),(9892,4,6,17,139),(9893,5,8,17,190),(9894,6,3,17,36),(9895,7,7,17,18),(9896,8,10,17,116),(9897,9,4,17,154),(9898,10,4,17,93),(9899,11,9,17,94),(9900,12,6,17,222),(9901,13,7,17,115),(9902,14,8,17,14),(9903,15,4,17,75),(9904,16,4,17,180),(9905,17,10,17,205),(9906,18,8,17,133),(9907,19,5,17,160),(9908,0,5,18,33),(9909,1,8,18,177),(9910,2,5,18,51),(9911,3,4,18,221),(9912,4,9,18,20),(9913,5,7,18,148),(9914,6,3,18,66),(9915,7,3,18,41),(9916,8,8,18,75),(9917,9,8,18,2),(9918,10,7,18,17),(9919,11,10,18,185),(9920,12,10,18,138),(9921,13,9,18,147),(9922,14,10,18,227),(9923,15,8,18,137),(9924,16,10,18,92),(9925,17,5,18,106),(9926,18,3,18,5),(9927,19,5,18,211),(9928,0,5,19,228),(9929,1,8,19,95),(9930,2,5,19,173),(9931,3,5,19,53),(9932,4,9,19,22),(9933,5,9,19,227),(9934,6,7,19,89),(9935,7,4,19,31),(9936,8,3,19,221),(9937,9,3,19,84),(9938,10,3,19,151),(9939,11,8,19,194),(9940,12,5,19,17),(9941,13,9,19,150),(9942,14,7,19,187),(9943,15,3,19,105),(9944,16,10,19,77),(9945,17,4,19,127),(9946,18,3,19,45),(9947,19,7,19,125),(9948,0,8,20,146),(9949,1,7,20,79),(9950,2,4,20,84),(9951,3,10,20,88),(9952,4,9,20,39),(9953,5,5,20,185),(9954,6,9,20,66),(9955,7,10,20,222),(9956,8,10,20,32),(9957,9,7,20,180),(9958,10,6,20,189),(9959,11,6,20,127),(9960,12,3,20,34),(9961,13,5,20,105),(9962,14,4,20,154),(9963,15,10,20,233),(9964,16,8,20,183),(9965,17,4,20,89),(9966,18,10,20,230),(9967,19,3,20,76);
/*!40000 ALTER TABLE `home_bussite` ENABLE KEYS */;
UNLOCK TABLES;

--
-- Table structure for table `home_bustype`
--

DROP TABLE IF EXISTS `home_bustype`;
/*!40101 SET @saved_cs_client     = @@character_set_client */;
/*!40101 SET character_set_client = utf8 */;
CREATE TABLE `home_bustype` (
  `id` int(11) NOT NULL AUTO_INCREMENT,
  `type_name` varchar(30) NOT NULL,
  `add_time` datetime(6) NOT NULL,
  PRIMARY KEY (`id`),
  UNIQUE KEY `type_name` (`type_name`)
) ENGINE=InnoDB AUTO_INCREMENT=7 DEFAULT CHARSET=utf8;
/*!40101 SET character_set_client = @saved_cs_client */;

--
-- Dumping data for table `home_bustype`
--

LOCK TABLES `home_bustype` WRITE;
/*!40000 ALTER TABLE `home_bustype` DISABLE KEYS */;
INSERT INTO `home_bustype` VALUES (1,'市区普线','2020-04-26 21:57:58.783643'),(2,'郊区普线','2020-04-26 21:57:58.789644'),(3,'快速公交','2020-04-26 21:57:58.796644'),(4,'微循环线','2020-04-26 21:57:58.799644'),(5,'通勤线路','2020-04-26 21:57:58.802644'),(6,'快速直达','2020-04-26 21:57:58.805645');
/*!40000 ALTER TABLE `home_bustype` ENABLE KEYS */;
UNLOCK TABLES;

--
-- Table structure for table `home_city`
--

DROP TABLE IF EXISTS `home_city`;
/*!40101 SET @saved_cs_client     = @@character_set_client */;
/*!40101 SET character_set_client = utf8 */;
CREATE TABLE `home_city` (
  `id` int(11) NOT NULL AUTO_INCREMENT,
  `city_name` varchar(30) NOT NULL,
  `city_number` int(11) NOT NULL,
  PRIMARY KEY (`id`),
  UNIQUE KEY `city_name` (`city_name`),
  UNIQUE KEY `city_number` (`city_number`)
) ENGINE=InnoDB AUTO_INCREMENT=2 DEFAULT CHARSET=utf8;
/*!40101 SET character_set_client = @saved_cs_client */;

--
-- Dumping data for table `home_city`
--

LOCK TABLES `home_city` WRITE;
/*!40000 ALTER TABLE `home_city` DISABLE KEYS */;
INSERT INTO `home_city` VALUES (1,'北京',10000);
/*!40000 ALTER TABLE `home_city` ENABLE KEYS */;
UNLOCK TABLES;

--
-- Table structure for table `home_site`
--

DROP TABLE IF EXISTS `home_site`;
/*!40101 SET @saved_cs_client     = @@character_set_client */;
/*!40101 SET character_set_client = utf8 */;
CREATE TABLE `home_site` (
  `id` int(11) NOT NULL AUTO_INCREMENT,
  `site_name` varchar(30) NOT NULL,
  `site_number` int(11) NOT NULL,
  `city_id` int(11) NOT NULL,
  PRIMARY KEY (`id`),
  UNIQUE KEY `s_name` (`site_name`),
  UNIQUE KEY `number` (`site_number`),
  KEY `home_site_city_id_10aabdc3_fk_home_city_id` (`city_id`),
  CONSTRAINT `home_site_city_id_10aabdc3_fk_home_city_id` FOREIGN KEY (`city_id`) REFERENCES `home_city` (`id`)
) ENGINE=InnoDB AUTO_INCREMENT=234 DEFAULT CHARSET=utf8;
/*!40101 SET character_set_client = @saved_cs_client */;

--
-- Dumping data for table `home_site`
--

LOCK TABLES `home_site` WRITE;
/*!40000 ALTER TABLE `home_site` DISABLE KEYS */;
INSERT INTO `home_site` VALUES (1,'双涧子路口',1000001,1),(2,'奥体东门',1000002,1),(3,'奥体中心',1000003,1),(4,'奥林公园',1000004,1),(5,'奥林匹克',1000005,1),(6,'奥林匹克花园东门',1000006,1),(7,'奥林匹克花园北门',1000007,1),(8,'奥水乐园奥运村',1000008,1),(9,'安乐庄',1000009,1),(10,'安乐村',1000010,1),(11,'安乐林',1000011,1),(12,'安乐林路东口',1000012,1),(13,'安化楼',1000013,1),(14,'安华桥',1000014,1),(15,'安华桥北',1000015,1),(16,'安华桥南',1000016,1),(17,'安华桥西',1000017,1),(18,'安华西里',1000018,1),(19,'安各庄',1000019,1),(20,'安各庄南',1000020,1),(21,'安固东庄头安场',1000021,1),(22,'安外甘水桥',1000022,1),(31,'八',1000023,1),(32,'八一射击场',1000024,1),(33,'八一湖',1000025,1),(34,'八亩堰',1000026,1),(35,'八仙庄东',1000027,1),(36,'八仙庄北大街',1000028,1),(37,'八仙庄南大街',1000029,1),(38,'八十亩地',1000030,1),(39,'八十亩地北',1000031,1),(40,'八十亩地南',1000032,1),(41,'八口村',1000033,1),(42,'八各庄',1000034,1),(43,'八各庄村',1000035,1),(44,'八大处',1000036,1),(45,'八大处南站',1000037,1),(46,'八奇洞',1000038,1),(47,'八宝堂',1000039,1),(48,'八宝山',1000040,1),(49,'八宝庄',1000041,1),(50,'八家',1000042,1),(51,'八家嘉园',1000043,1),(52,'八家庄桥',1000044,1),(53,'八家庄桥头',1000045,1),(54,'八家西口',1000046,1),(55,'八家路',1000047,1),(56,'八家路口',1000048,1),(57,'八棵杨中街',1000049,1),(58,'八渡',1000050,1),(59,'八王坟东',1000051,1),(60,'八王坟北',1000052,1),(61,'八王坟南',1000053,1),(62,'八王坟西',1000054,1),(63,'八百户',1000055,1),(64,'八角',1000056,1),(65,'八角东街西站',1000057,1),(66,'八角北路',1000058,1),(67,'八角北路东口',1000059,1),(68,'八角北路西口',1000060,1),(69,'八角南路',1000061,1),(70,'八角南路东口',1000062,1),(71,'八角游乐园',1000063,1),(72,'八角西街',1000064,1),(73,'八角西街北口',1000065,1),(74,'八角路',1000066,1),(75,'八角路东口',1000067,1),(76,'八达岭',1000068,1),(77,'八达岭加油站',1000069,1),(78,'八达岭古长城',1000070,1),(79,'八达岭孔雀城',1000071,1),(80,'八达岭小学',1000072,1),(81,'八达岭森林公园',1000073,1),(82,'八达岭温泉度假村',1000074,1),(83,'八达岭滚天沟',1000075,1),(84,'八达岭火车站',1000076,1),(85,'八达岭野生动物园',1000077,1),(86,'八达岭镇政府',1000078,1),(87,'八达岭长城',1000079,1),(88,'八道河',1000080,1),(89,'八道河后沟',1000081,1),(90,'八道河岭',1000082,1),(91,'八道河岭漫水桥',1000083,1),(92,'八里市场',1000084,1),(93,'八里庄北里',1000085,1),(94,'八里庄北里东站',1000086,1),(95,'八里庄南里',1000087,1),(96,'八里庄桥',1000088,1),(97,'八里店',1000089,1),(98,'八里店东口',1000090,1),(99,'八里店路口',1000091,1),(100,'八里桥',1000092,1),(101,'八里桥北站',1000093,1),(102,'八里桥市场',1000094,1),(103,'八里河',1000095,1),(104,'八间房村',1000096,1),(105,'丑子山',1000097,1),(106,'丑子山桥',1000098,1),(107,'仇庄',1000099,1),(108,'仇庄村',1000100,1),(109,'仇店',1000101,1),(110,'仇店北',1000102,1),(111,'仇店南',1000103,1),(112,'仇店小学',1000104,1),(113,'仓上',1000105,1),(114,'仓上小区',1000106,1),(115,'仓储库',1000107,1),(116,'仓头村',1000108,1),(117,'仓房小区',1000109,1),(118,'传媒大学',1000110,1),(119,'充电站',1000111,1),(120,'出水沟',1000112,1),(121,'创业路',1000113,1),(122,'创业路北站',1000114,1),(123,'创业路南口',1000115,1),(124,'创业路南站',1000116,1),(125,'创新中路',1000117,1),(126,'创新路南',1000118,1),(127,'邵镇',1000119,1),(128,'辛庄',1000120,1),(129,'厂桥路口东',1000121,1),(130,'厂桥路口南',1000122,1),(131,'厂桥路口西',1000123,1),(132,'厂洼',1000124,1),(133,'厂洼北站',1000125,1),(134,'厂洼街东口',1000126,1),(135,'采石场地铁',1000127,1),(136,'俸伯站',1000128,1),(137,'垂杨柳',1000129,1),(138,'城乡',1000130,1),(139,'城乡大卖场',1000131,1),(140,'城关新城',1000132,1),(141,'城关新城路口',1000133,1),(142,'城关街道办事处',1000134,1),(143,'城南嘉园',1000135,1),(144,'城南嘉园北',1000136,1),(145,'城后街',1000137,1),(146,'城外',1000138,1),(147,'昌平永安里',1000139,1),(148,'昌平涧头村',1000140,1),(149,'昌平王庄',1000141,1),(150,'昌平白各庄南',1000142,1),(151,'昌平肖村',1000143,1),(152,'昌平肖村南(御汤山别墅)',1000144,1),(153,'昌平胡庄',1000145,1),(154,'昌平良各庄',1000146,1),(155,'昌平西关',1000147,1),(156,'昌平西关环岛',1000148,1),(157,'昌平西关环岛东',1000149,1),(158,'昌平西关环岛北',1000150,1),(159,'昌平西关环岛南',1000151,1),(160,'昌平西关环岛西',1000152,1),(161,'昌平西山口',1000153,1),(162,'昌平西营村东',1000154,1),(163,'昌平西营村西',1000155,1),(164,'昌平西街中路',1000156,1),(165,'昌平西马坊',1000157,1),(166,'昌平西马坊村东',1000158,1),(167,'昌平西马坊村西',1000159,1),(168,'昌平豆各庄路南口(七里渠派出所)',1000160,1),(169,'昌平辛店',1000161,1),(170,'昌平辛店村西',1000162,1),(171,'昌平陈庄',1000163,1),(172,'昌平麦庄',1000164,1),(173,'昌平麻峪',1000165,1),(174,'昌平鼓楼东街',1000166,1),(175,'昌平鼓楼南街北口',1000167,1),(176,'昌平鼓楼西街',1000168,1),(177,'昌盛园二区东门',1000169,1),(178,'昌盛园北口',1000170,1),(179,'昌盛园小学',1000171,1),(180,'昌盛路',1000172,1),(181,'昌金路口',1000173,1),(182,'春晖园',1000174,1),(183,'春晖园北',1000175,1),(184,'春林大街西',1000176,1),(185,'春秀路',1000177,1),(186,'春秀路北口',1000178,1),(187,'春秀路南口',1000179,1),(188,'春秀路口北',1000180,1),(189,'春秀路小区',1000181,1),(190,'曹刘庄东',1000182,1),(191,'曹刘村',1000183,1),(192,'曹各庄',1000184,1),(193,'曹园',1000185,1),(194,'曹园工业园',1000186,1),(195,'曹园村',1000187,1),(196,'曹园逸家小区',1000188,1),(197,'曹坨',1000189,1),(198,'曹坨村北口',1000190,1),(199,'曹官营东站',1000191,1),(200,'曹官营西站',1000192,1),(201,'曹家坟',1000193,1),(202,'曹家庄',1000194,1),(203,'曹家房',1000195,1),(204,'曹家房西',1000196,1),(205,'曹家沟',1000197,1),(206,'曹家沟南',1000198,1),(207,'曹家路',1000199,1),(208,'曹家路东口',1000200,1),(209,'曹庄',1000201,1),(210,'曹村',1000202,1),(211,'曹碾',1000203,1),(212,'曹碾东口',1000204,1),(213,'曹碾中街',1000205,1),(214,'曹碾村',1000206,1),(215,'曹碾西口',1000207,1),(216,'曹章',1000208,1),(217,'曹肖路北口',1000209,1),(218,'曹辛庄',1000210,1),(219,'曾庄',1000211,1),(220,'朝丰家园',1000212,1),(221,'朝丰家园北站',1000213,1),(222,'朝丰家园南站',1000214,1),(223,'朝内小街',1000215,1),(224,'朝凤庵村',1000216,1),(225,'朝外北街',1000217,1),(226,'朝外市场街',1000218,1),(227,'朝宗桥北',1000219,1),(228,'朝新嘉园',1000220,1),(229,'朝来农艺园',1000221,1),(230,'朝来农艺园北站',1000222,1),(231,'朝来家园',1000223,1),(232,'朝来家园东区',1000224,1),(233,'朝来家园西区',1000225,1);
/*!40000 ALTER TABLE `home_site` ENABLE KEYS */;
UNLOCK TABLES;

--
-- Table structure for table `home_sitehistory`
--

DROP TABLE IF EXISTS `home_sitehistory`;
/*!40101 SET @saved_cs_client     = @@character_set_client */;
/*!40101 SET character_set_client = utf8 */;
CREATE TABLE `home_sitehistory` (
  `id` int(11) NOT NULL AUTO_INCREMENT,
  `count` int(11) NOT NULL,
  `site_id` int(11) NOT NULL,
  `user_id` int(11) NOT NULL,
  PRIMARY KEY (`id`),
  KEY `home_history_user_id_38e1e015_fk_home_user_id` (`user_id`),
  KEY `home_history_site_id_0231639b_fk_home_site_id` (`site_id`),
  CONSTRAINT `home_history_site_id_0231639b_fk_home_site_id` FOREIGN KEY (`site_id`) REFERENCES `home_site` (`id`),
  CONSTRAINT `home_history_user_id_38e1e015_fk_home_user_id` FOREIGN KEY (`user_id`) REFERENCES `home_user` (`id`)
) ENGINE=InnoDB AUTO_INCREMENT=8 DEFAULT CHARSET=utf8;
/*!40101 SET character_set_client = @saved_cs_client */;

--
-- Dumping data for table `home_sitehistory`
--

LOCK TABLES `home_sitehistory` WRITE;
/*!40000 ALTER TABLE `home_sitehistory` DISABLE KEYS */;
INSERT INTO `home_sitehistory` VALUES (2,2,2,1),(3,3,1,1),(4,10,5,1),(5,1,13,1),(6,1,20,1),(7,1,92,1);
/*!40000 ALTER TABLE `home_sitehistory` ENABLE KEYS */;
UNLOCK TABLES;

--
-- Table structure for table `home_user`
--

DROP TABLE IF EXISTS `home_user`;
/*!40101 SET @saved_cs_client     = @@character_set_client */;
/*!40101 SET character_set_client = utf8 */;
CREATE TABLE `home_user` (
  `id` int(11) NOT NULL AUTO_INCREMENT,
  `username` varchar(32) NOT NULL,
  `password` varchar(32) NOT NULL,
  `nick_name` varchar(32) DEFAULT NULL,
  `gender` tinyint(1) DEFAULT NULL,
  `phone` varchar(32) DEFAULT NULL,
  `email` varchar(254) DEFAULT NULL,
  `address` longtext,
  `image` varchar(100) NOT NULL,
  PRIMARY KEY (`id`),
  UNIQUE KEY `username` (`username`),
  UNIQUE KEY `home_user_email_45468b78_uniq` (`email`),
  UNIQUE KEY `home_user_phone_ad8b1339_uniq` (`phone`)
) ENGINE=InnoDB AUTO_INCREMENT=2 DEFAULT CHARSET=utf8;
/*!40101 SET character_set_client = @saved_cs_client */;

--
-- Dumping data for table `home_user`
--

LOCK TABLES `home_user` WRITE;
/*!40000 ALTER TABLE `home_user` DISABLE KEYS */;
INSERT INTO `home_user` VALUES (1,'hello','8b283e8957f744ae5a1a6add05fc354f','叶子',1,'13792330010','2193888645@qq.com','北京海淀','upload/user/!happy-face.png');
/*!40000 ALTER TABLE `home_user` ENABLE KEYS */;
UNLOCK TABLES;
/*!40103 SET TIME_ZONE=@OLD_TIME_ZONE */;

/*!40101 SET SQL_MODE=@OLD_SQL_MODE */;
/*!40014 SET FOREIGN_KEY_CHECKS=@OLD_FOREIGN_KEY_CHECKS */;
/*!40014 SET UNIQUE_CHECKS=@OLD_UNIQUE_CHECKS */;
/*!40101 SET CHARACTER_SET_CLIENT=@OLD_CHARACTER_SET_CLIENT */;
/*!40101 SET CHARACTER_SET_RESULTS=@OLD_CHARACTER_SET_RESULTS */;
/*!40101 SET COLLATION_CONNECTION=@OLD_COLLATION_CONNECTION */;
/*!40111 SET SQL_NOTES=@OLD_SQL_NOTES */;

-- Dump completed on 2020-04-28 11:40:08
